part_id,sequence,rpu
BBa_J23100,TTGACGGCTAGCTCAGTCCTAGGTACAGTGCTAGC,1.0
BBa_J23101,TTTACAGCTAGCTCAGTCCTAGGTATTATGCTAGC,0.7
BBa_J23102,TTGACAGCTAGCTCAGTCCTAGGTACTGTGCTAGC,0.86
BBa_J23103,CTGATAGCTAGCTCAGTCCTAGGGATTATGCTAGC,0.01
BBa_J23104,TTGACAGCTAGCTCAGTCCTAGGTATTGTGCTAGC,0.72
BBa_J23105,TTTACGGCTAGCTCAGTCCTAGGTACTATGCTAGC,0.24
BBa_J23106,TTTACGGCTAGCTCAGTCCTAGGTATAGTGCTAGC,0.47
BBa_J23107,TTTACGGCTAGCTCAGCCCTAGGTATTATGCTAGC,0.36
BBa_J23108,CTGACAGCTAGCTCAGTCCTAGGTATAATGCTAGC,0.51
BBa_J23109,TTTACAGCTAGCTCAGTCCTAGGGACTGTGCTAGC,0.04
BBa_J23110,TTTACGGCTAGCTCAGTCCTAGGTACAATGCTAGC,0.33
BBa_J23111,TTGACGGCTAGCTCAGTCCTAGGTATAGTGCTAGC,0.58
BBa_J23112,CTGATAGCTAGCTCAGTCCTAGGGATTATGCTAGC,0.0
BBa_J23113,CTGATGGCTAGCTCAGTCCTAGGGATTATGCTAGC,0.01
BBa_J23114,TTTATGGCTAGCTCAGTCCTAGGTACAATGCTAGC,0.1
BBa_J23115,TTTATAGCTAGCTCAGCCCTTGGTACAATGCTAGC,0.15
BBa_J23116,TTGACAGCTAGCTCAGTCCTAGGGACTATGCTAGC,0.16
BBa_J23117,TTGACAGCTAGCTCAGTCCTAGGGATTGTGCTAGC,0.06
BBa_J23118,TTGACGGCTAGCTCAGTCCTAGGTATTGTGCTAGC,0.56
