sequence,translation_rate
TTCTAGAAAAAAAATAAGGAGGTATGGCGAGCTCTGAAGACGTTATCAAAGAGTTCATGCGTTTCAAAGTTCGTATGGAA,101.28
TTCTAGAAAAAAAATAAGGAGGTAATGGCGAGCTCTGAAGACGTTATCAAAGAGTTCATGCGTTTCAAAGTTCGTATGGA,133.59
TTCTAGAAAAAAAATAAGGAGGTAAATGGCGAGCTCTGAAGACGTTATCAAAGAGTTCATGCGTTTCAAAGTTCGTATGG,247.7
TTCTAGAAAAAAAATAAGGAGGTAAAATGGCGAGCTCTGAAGACGTTATCAAAGAGTTCATGCGTTTCAAAGTTCGTATG,24972.09
TTCTAGAAAAAAAATAAGGAGGTAAAAATGGCGAGCTCTGAAGACGTTATCAAAGAGTTCATGCGTTTCAAAGTTCGTAT,53933.01
TTCTAGAAAAAAAATAAGGAGGTAAAAAATGGCGAGCTCTGAAGACGTTATCAAAGAGTTCATGCGTTTCAAAGTTCGTA,46451.1
TTCTAGAAAAAAAATAAGGAGGTAAAAAAATGGCGAGCTCTGAAGACGTTATCAAAGAGTTCATGCGTTTCAAAGTTCGT,42631.1
TTCTAGAAAAAAAATAAGGAGGTAAAAAAAATGGCGAGCTCTGAAGACGTTATCAAAGAGTTCATGCGTTTCAAAGTTCG,35854.42
TTCTAGAAAAAAAATAAGGAGGTAAAAAAAAATGGCGAGCTCTGAAGACGTTATCAAAGAGTTCATGCGTTTCAAAGTTC,26956.07
TTCTAGAAAAAAAATAAGGAGGTAAAAAAAAAATGGCGAGCTCTGAAGACGTTATCAAAGAGTTCATGCGTTTCAAAGTT,19885.6
TTCTAGAAAAAAAATAAGGAGGTAAAAAAAAAAATGGCGAGCTCTGAAGACGTTATCAAAGAGTTCATGCGTTTCAAAGT,14258.87
TTCTAGAAAAAAAATAAGGAGGTAAAAAAAAAAAAATGGCGAGCTCTGAAGACGTTATCAAAGAGTTCATGCGTTTCAAA,5576.24
TTCTAGAAAAAAAATAAGGAGGTAAAAAAAAAAAAAAAATGGCGAGCTCTGAAGACGTTATCAAAGAGTTCATGCGTTTC,1223.54
TTCTAGAGAAAGACAGGACCCACTAGTATGGCGAGCTCTGAAGACGTTATCAAAGAGTTCATGCGTTTCAAAGTTCGTATGGA,479.22
TTCTAGAGAAAGAAGGGACAGACTAGTATGGCGAGCTCTGAAGACGTTATCAAAGAGTTCATGCGTTTCAAAGTTCGTATGGA,869.34
TTCTAGAGAAAGAAGAGACTCACTAGTATGGCGAGCTCTGAAGACGTTATCAAAGAGTTCATGCGTTTCAAAGTTCGTATGGA,100.92
TTCTAGAGAAAGAAGGGATACACTAGTATGGCGAGCTCTGAAGACGTTATCAAAGAGTTCATGCGTTTCAAAGTTCGTATGGA,480.03
TTCTAGAGAAAGACGCGAGAAACTAGTATGGCGAGCTCTGAAGACGTTATCAAAGAGTTCATGCGTTTCAAAGTTCGTATGGA,171.33
TTCTAGAGAAAGAAACGACATACTAGTATGGCGAGCTCTGAAGACGTTATCAAAGAGTTCATGCGTTTCAAAGTTCGTATGGA,12.53
TTCTAGAAAATGTCAATTTTGCTACTGGCCTTACAATATGGCGAGCTCTGAAGACGTTATCAAAGAGTTCATGCGTTTCAAAGTTCGTATGGA,44.77
TTCTAGAAACTTCCGTTAATCAGTTATAAGGTGGATTATGGCGAGCTCTGAAGACGTTATCAAAGAGTTCATGCGTTTCAAAGTTCGTATGGA,3416.73
TTCTAGACTTTAATTTAACGTAAATAAGGAAGTCATTATGGCGAGCTCTGAAGACGTTATCAAAGAGTTCATGCGTTTCAAAGTTCGTATGGA,11571.19
TTCTAGAATTAAAGAGGAGAAATAGCATGGCGAGCTCTGAAGACGTTATCAAAGAGTTCATGCGTTTCAAAGTTCGTATGGA,14259.93
TTCTAGAATTAAAGAGGAGATAGCATGGCGAGCTCTGAAGACGTTATCAAAGAGTTCATGCGTTTCAAAGTTCGTATGGA,3318.63
TTCTAGAATTAAAGAGGAGAAATTATTAGCATGGCGAGCTCTGAAGACGTTATCAAAGAGTTCATGCGTTTCAAAGTTCGTATGGA,4296.2
TTCTAGAATTAAAGAGGAGAAATTATAATAGCATGGCGAGCTCTGAAGACGTTATCAAAGAGTTCATGCGTTTCAAAGTTCGTATGGA,1651.71
TTCTAGAATTAATAAGGAGGAATTAAGCATGGCGAGCTCTGAAGACGTTATCAAAGAGTTCATGCGTTTCAAAGTTCGTATGGA,19196.38
TTCTAGAATTAATAAGGAGGAATAGCATGGCGAGCTCTGAAGACGTTATCAAAGAGTTCATGCGTTTCAAAGTTCGTATGGA,13936.57
TTCTAGAATTAATAAGGAGGAATTATTAGCATGGCGAGCTCTGAAGACGTTATCAAAGAGTTCATGCGTTTCAAAGTTCGTATGGA,8857.82
TTCTAGAATTAATGAGGAAAAATTAAGCATGGCGAGCTCTGAAGACGTTATCAAAGAGTTCATGCGTTTCAAAGTTCGTATGGA,2511.95
TTCTAGAATTAAATAGGACAAATTAAGCATGGCGAGCTCTGAAGACGTTATCAAAGAGTTCATGCGTTTCAAAGTTCGTATGGA,1436.8
TTCTAGAATTAATTAGGAGCAATTAAGCATGGCGAGCTCTGAAGACGTTATCAAAGAGTTCATGCGTTTCAAAGTTCGTATGGA,5632.93
TTCTAGAATTAAGGAGGATAAATTAAGCATGGCGAGCTCTGAAGACGTTATCAAAGAGTTCATGCGTTTCAAAGTTCGTATGGA,1572.63
TTCTAGAATTAAGAAGGACTAATTAAGCATGGCGAGCTCTGAAGACGTTATCAAAGAGTTCATGCGTTTCAAAGTTCGTATGGA,903.1
TTCTAGAATTAATGAGGATAAATTAAGCATGGCGAGCTCTGAAGACGTTATCAAAGAGTTCATGCGTTTCAAAGTTCGTATGGA,2985.88
TTCTAGAATTAATCAGGATCAATTAAGCATGGCGAGCTCTGAAGACGTTATCAAAGAGTTCATGCGTTTCAAAGTTCGTATGGA,1103.53
TTCTAGAATTAAACAGGATAATAAGCATGGCGAGCTCTGAAGACGTTATCAAAGAGTTCATGCGTTTCAAAGTTCGTATGGA,2130.93
TTCTAGAATTAAAGAGGAGAAATTAAGCATGGCGAGCTCTGAAGACGTTATCAAAGAGTTCATGCGTTTCAAAGTTCGTATGGA,11640.4
TTCTAGATCACACAGGAAACCGGTTCGATGGCGAGCTCTGAAGACGTTATCAAAGAGTTCATGCGTTTCAAAGTTCGTATGGA,561.87
TTCTAGATCACACAGGAAAGGCCTCGATGGCGAGCTCTGAAGACGTTATCAAAGAGTTCATGCGTTTCAAAGTTCGTATGGA,283.84
TTCTAGATCACACAGGACGGCCGGATGGCGAGCTCTGAAGACGTTATCAAAGAGTTCATGCGTTTCAAAGTTCGTATGGA,104.01
TTCTAGAAACAAAATGAGGAGGTACTGAGATGGCGAGCTCTGAAGACGTTATCAAAGAGTTCATGCGTTTCAAAGTTCGT,30707.12
TTCTAGAAAGCTGATAAGGAGGTATAACGATGGCGAGCTCTGAAGACGTTATCAAAGAGTTCATGCGTTTCAAAGTTCGT,32060.02
TTCTAGAACAACTTAAGGAGGTATTCATGGCGAGCTCTGAAGACGTTATCAAAGAGTTCATGCGTTTCAAAGTTCGTATG,54989.62
TTCTAGAAAAGTAAGGAGGTGCGGCTATGGCGAGCTCTGAAGACGTTATCAAAGAGTTCATGCGTTTCAAAGTTCGTATG,35444.23
TTCTAGACTGGTGAGGAGGTGAGAATGGCGAGCTCTGAAGACGTTATCAAAGAGTTCATGCGTTTCAAAGTTCGTATGGA,13299.53
TTCTAGAAAAGTAAGGAGGCGCGGCTATGGCGAGCTCTGAAGACGTTATCAAAGAGTTCATGCGTTTCAAAGTTCGTATG,10933.48
TTCTAGACACAGAAAAAGGAGGGTCGCGATGGCGAGCTCTGAAGACGTTATCAAAGAGTTCATGCGTTTCAAAGTTCGTA,20289.53
TTCTAGAAGGAGGTTTGGAATGGCGAGCTCTGAAGACGTTATCAAAGAGTTCATGCGTTTCAAAGTTCGTATGGAAGGTT,573.31
TTCTAGATGGGGAGTGTAAAATGGCGAGCTCTGAAGACGTTATCAAAGAGTTCATGCGTTTCAAAGTTCGTATGGAAGGT,1323.67
TTCTAGAGGGGGTTAACAAGATGGCGAGCTCTGAAGACGTTATCAAAGAGTTCATGCGTTTCAAAGTTCGTATGGAAGGT,654.43
TTCTAGAAGCGAGGAGGCAGTCGATGGCGAGCTCTGAAGACGTTATCAAAGAGTTCATGCGTTTCAAAGTTCGTATGGAA,4263.52
TTCTAGATAGGGGGCGGTACATGGCGAGCTCTGAAGACGTTATCAAAGAGTTCATGCGTTTCAAAGTTCGTATGGAAGGT,555.22
TTCTAGAGATAAGTGAAGGAGGCCCGGCCATGGCGAGCTCTGAAGACGTTATCAAAGAGTTCATGCGTTTCAAAGTTCGT,7748.59
TTCTAGAGGAGGATAACCACTATGGCGAGCTCTGAAGACGTTATCAAAGAGTTCATGCGTTTCAAAGTTCGTATGGAAGG,2279.12
TTCTAGAGATAAGTGAAGGAGGCCGGCCATGGCGAGCTCTGAAGACGTTATCAAAGAGTTCATGCGTTTCAAAGTTCGTA,7532.66
TTCTAGAACACTAAGGAGACCAACTTGCATGGCGAGCTCTGAAGACGTTATCAAAGAGTTCATGCGTTTCAAAGTTCGTA,4170.16
TTCTAGAAAGTTAAGAGGCAAGAATGGCGAGCTCTGAAGACGTTATCAAAGAGTTCATGCGTTTCAAAGTTCGTATGGAA,1951.08
TTCTAGATTAACTGGGGGCTATCATGGCGAGCTCTGAAGACGTTATCAAAGAGTTCATGCGTTTCAAAGTTCGTATGGAA,2492.47
TTCTAGATGAGAATAAGGTTATGGCGAGCTCTGAAGACGTTATCAAAGAGTTCATGCGTTTCAAAGTTCGTATGGAAGGT,315.52
TTCTAGATAAGCAGGACCGGCGGCGATGGCGAGCTCTGAAGACGTTATCAAAGAGTTCATGCGTTTCAAAGTTCGTATGG,163.18
TTCTAGAAACCTCAAGGAATTCCCTATGGCGAGCTCTGAAGACGTTATCAAAGAGTTCATGCGTTTCAAAGTTCGTATGG,1633.61
TTCTAGAGGCGACAGGCGGATCTATCCCATGGCGAGCTCTGAAGACGTTATCAAAGAGTTCATGCGTTTCAAAGTTCGTA,304.04
TTCTAGAATAAAAAGGGACGCTAATGGCGAGCTCTGAAGACGTTATCAAAGAGTTCATGCGTTTCAAAGTTCGTATGGAA,206.18
TTCTAGAATAGAGTCGACGCATGGCGAGCTCTGAAGACGTTATCAAAGAGTTCATGCGTTTCAAAGTTCGTATGGAAGGT,63.31
TTCTAGAGAGTAATATTTCACATGGCGAGCTCTGAAGACGTTATCAAAGAGTTCATGCGTTTCAAAGTTCGTATGGAAGG,101.61
TTCTAGACGAGCTGGTACTTAAAAACATGGCGAGCTCTGAAGACGTTATCAAAGAGTTCATGCGTTTCAAAGTTCGTATG,115.85
TTCTAGATTCGCAGGGGGAAGATGGCGAGCTCTGAAGACGTTATCAAAGAGTTCATGCGTTTCAAAGTTCGTATGGAAGG,79.07
TTCTAGATTTCTCCCATAATAACTCGAACCATTACCGAGCTATGGCGAGCTCTGAAGACGTTATCAAAGAGTTCATGCGTTTCAAAGTTCGTATGGAAGG,4.14
TTCTAGAGGGAACGATTTAGGCCAATTATTAAAACCGACCCCATGGCGAGCTCTGAAGACGTTATCAAAGAGTTGAAGACGTTATCAAAGAGTTCATGCGTTTCAAAGTTCGTATGGAAGG,5.61
TTCTAGATTAGGCCTGATCTAAGCCATTAACTTTAGTTATGGCTGAAGCGCAAAACGATCCCCTGGCGAGCTCTGAAGACGTT,0.3
TTCTAGACCAGTCGCGTACCGCTATTGGTCCAGCTACAATGGCTGAAGCGCAAAACGATCCCCTGGCGAGCTCTGAAGACGTT,1.12
TTCTAGATTCTAAAGGAGGAGTCCGGGATGGCTGAAGCGCAAAATGATCCCCTGATGGCGAGCTCTGAAGACGTT,3457.99
TTCTAGAAAAGGAAGTAAAGGGGATATTAATGGCTGAAGCGCAAAACGATCCCGCCGCGAGCTCTGAAGACGTT,5200.8
TTCTAGACGTAAATAACAATTCATTCAGTCTGAAGCTAATCAATGGCTGAAGCGCAAAACGATCCCCTGGCGAGCTCTGAAGACGTT,9.03
TTCTAGAAATATTAACCGAAAGACGGAAAACCACTTCCCCATGGCTGAAGCGCAAAACGATCCCCTGGCGAGCTCTGAAGACGTT,609.67
TTCTAGACTGACACAATATACGTAGAATTGGACACCACTATGGCTGAAGCGCAAAACGATCCCCTGGCGAGCTCTGAAGACGTT,1623.96
TTCTAGATATACCTATAAATCTAAGGACCTATTTTTATCTATGGCTGAAGCGCAAAACGATCCCCTGGCGAGCTCTGAAGACGTT,3013.96
TTCTAGATACCCACTTAAGGAGAGTAATATATCATGGCTGAAGCGCAAAACGATCCCCTGGCGAGCTCTGAAGACGTT,32070.51
TTCTAGACTGAAATTTACTTTGTAATAAGAGAGGAATATATGGCTGAAGCGCAAAACGATCCCCTGGCGAGCTCTGAAGACGTT,46676.76
TTCTAGAACAACAACAAATAAGGAGTAAATAGATGGCTGAAGCGCAAAACGATCCCCTGGCGAGCTCTGAAGACGTT,44658.2
TTCTAGAACCCCACGACTAAACTATAAAATAAGGAGGTACGCATGGCTGAAGCGCAAAACGATCCCCTGGCGAGCTCTGAAGACGTT,69547.59
TTCTAGAGGTATTACGTTTCAGGCCAGCGTCACCCAGATCGATGTCCAGATTAGATAAAAGTAAAGTTGCGAGCTCTGAAGACG,680.37
TTCTAGACGTTACCACGTCGGCCGAAAATCGTTTCAGCTGCCATGTCCAGATTAGATAAAAGTAAAGTTGCGAGCTCTGAAGACG,212.48
TTCTAGAGTGCATAAGGAGTGCTCGATGTCCAGATTAGATAAAAGTAAAGTGATGGCGAGCTCTGAAGACG,30901.02
TTCTAGATTGATAGATAAGGACAAAGTTATGTCCAGATTAGATAAAAGTAAAGTTGCGAGCTCTGAAGACG,12548.3
TTCTAGAGTCAAGGACCTCTTGGCGGTTATCTTAAGGCACAATGTCCAGATTAGATAAAAGTAAAGTTGCGAGCTCTGAAGACG,328.15
TTCTAGATGACCACCATAGGTTGGATACAAATACCACAGGATGTCCAGATTAGATAAAAGTAAAGTTGCGAGCTCTGAAGACG,2502.82
TTCTAGATAAGAAAACCACCCTACAAAGAAAACCCTAATTAGATGTCCAGATTAGATAAAAGTAAAGTTGCGAGCTCTGAAGACG,1684.75
TTCTAGACTAGATTAGAAAGGAGGTACCACACCACAAAAGTAATGTCCAGATTAGATAAAAGTAAAGTTGCGAGCTCTGAAGACG,806.69
TTCTAGATTAGACCTGACTAACAAGAGGTAGGGGGATCATATGTCCAGATTAGATAAAAGTAAAGTTGCGAGCTCTGAAGACG,59602.62
TTCTAGAAGAACAATACAGGAGGACAATTCGCCCTATGTCCAGATTAGATAAAAGTAAAGTTGCGAGCTCTGAAGACG,81224.76
TTCTAGATAAGTCATTCACAGAACAAACACGAGGTATCATATGTCCAGATTAGATAAAAGTAAAGTTGCGAGCTCTGAAGACG,21715.27
TTCTAGAACGACTATTTTTTCCACTATTGAGGTATAAATGGCGAGCTCTGAAGACGTTATCAAAGAGTTCATGCGTTTCAAAGT,2575.02
TTCTAGAACGACTATTTTTTCCACTATTGAGGTATAAGTGAAACCAGTAACGTTATACGGCGTCGCGAGCTCTGAAGACGTTAT,6094.22
TTCTAGAACACTTTACTTTTTAATTAGCAGGAGATTTAAAAAATGGCGAGCTCTGAAGACGTTATCAAAGAGTTCATGCGTTTC,17795.97
TTCTAGAACACTTTACTTTTTAATTAGCAGGAGATTTAAAAAGTGAAACCAGTAACGTTATACGGCGTCGCGAGCTCTGAAGAC,12708.84
TTCTAGATTCACGTCAACATTTAAGGAGGATATCGACATGGCGAGCTCTGAAGACGTTATCAAAGAGTTCATGCGTTTCAAAGT,31160.84
TTCTAGATTCACGTCAACATTTAAGGAGGATATCGACGTGAAACCAGTAACGTTATACGGCGTCGCGAGCTCTGAAGACGTTAT,1453.09
TTCTAGACAGAAAAAATAGAATAAGGAGGTTTCACTATCATGGCGAGCTCTGAAGACGTTATCAAAGAGTTCATGCGTTTCAAA,8099.68
TTCTAGACAGAAAAAATAGAATAAGGAGGTTTCACTATCGTGAAACCAGTAACGTTATACGGCGTCGCGAGCTCTGAAGACGTT,2820.32
TTCTAGATTCCCCCGGAAACCAATAAAAGAAGGCCATCGTCATGGCGAGCTCTGAAGACGTTATCAAAGAGTTCATGCGTTTCA,231.71
TTCTAGATTCCCCCGGAAACCAATAAAAGAAGGCCATCGTCATGTCCAGATTAGATAAAAGTAAAGTTGCGAGCTCTGAAGACG,99171.01
TTCTAGATGGAGAAGCCATTAATATTAAGGAAGGTAACAATGGCGAGCTCTGAAGACGTTATCAAAGAGTTCATGCGTTTCAAA,129.08
TTCTAGATGGAGAAGCCATTAATATTAAGGAAGGTAACAATGTCCAGATTAGATAAAAGTAAAGTTGCGAGCTCTGAAGACGTT,74088.14
TTCTAGACCCACGTACCGATTAAAGGAGGCCTAGTAATGGCGAGCTCTGAAGACGTTATCAAAGAGTTCATGCGTTTCAAAGTT,3313.72
TTCTAGACCCACGTACCGATTAAAGGAGGCCTAGTAATGTCCAGATTAGATAAAAGTAAAGTTGCGAGCTCTGAAGACGTTATC,62781.45
TTCTAGAATAACCAGGGTAATAAGGAAGTACACAGACCATGGCGAGCTCTGAAGACGTTATCAAAGAGTTCATGCGTTTCAAAG,632.64
TTCTAGAATAACCAGGGTAATAAGGAAGTACACAGACCATGTCCAGATTAGATAAAAGTAAAGTTGCGAGCTCTGAAGACGTTA,83090.26
TTCTAGAAAAACACCATATAAGTACAGAGAGGTAGAATATGGCGAGCTCTGAAGACGTTATCAAAGAGTTCATGCGTTTCAAAG,13687.71
TTCTAGAAAAACACCATATAAGTACAGAGAGGTAGAATATGTCCAGATTAGATAAAAGTAAAGTTGCGAGCTCTGAAGACGTTA,62243.38
TTCTAGAACTGTCCATAGATTTGAAAAGACCTTATCCCATGGCGAGCTCTGAAGACGTTATCAAAGAGTTCATGCGTTTCAAAG,43.26
TTCTAGAACTGTCCATAGATTTGAAAAGACCTTATCCCATGGCTGAAGCGCAAAACGATCCCCTGGCGAGCTCTGAAGACGTTA,819.84
TTCTAGAAACCACACTCCGTTTTTAGTAGGAGACCAAAAATGGCGAGCTCTGAAGACGTTATCAAAGAGTTCATGCGTTTCAAA,1486.26
TTCTAGAAACCACACTCCGTTTTTAGTAGGAGACCAAAAATGGCTGAAGCGCAAAACGATCCCCTGGCGAGCTCTGAAGACGTT,9799.17
TTCTAGAAATTATAAACTTTCGGAACAAACGGAGTCATCAAATGGCGAGCTCTGAAGACGTTATCAAAGAGTTCATGCGTTTCA,1002.76
TTCTAGAAATTATAAACTTTCGGAACAAACGGAGTCATCAAATGGCTGAAGCGCAAAACGATCCCCTGGCGAGCTCTGAAGACG,4463.6
TTCTAGAACGATCTGCACAACTCAAAATAAGGTAGGCGGCATGGCGAGCTCTGAAGACGTTATCAAAGAGTTCATGCGTTTCAA,1211.81
TTCTAGAACGATCTGCACAACTCAAAATAAGGTAGGCGGCATGGCTGAAGCGCAAAACGATCCCCTGGCGAGCTCTGAAGACGT,8211.15
TTCTAGATTTATACATCCGACTTTAAGGAGGCGACCTCATGGCGAGCTCTGAAGACGTTATCAAAGAGTTCATGCGTTTCAAAG,6600.75
TTCTAGATTTATACATCCGACTTTAAGGAGGCGACCTCATGGCTGAAGCGCAAAACGATCCCCTGGCGAGCTCTGAAGACGTTA,22522.86
TTCTAGAAAAGTAAGGAGGCGATGGCGAGCTCTGAAGACGTTATCAAAGAGTTCATGCGTTTCAAAGTTCGTATGGA,2.84951845889683
TTCTAGAAAAGTAAGGAGGCGCATGGCGAGCTCTGAAGACGTTATCAAAGAGTTCATGCGTTTCAAAGTTCGTATGGA,7.21253582312482
TTCTAGAAAAGTAAGGAGGCGCGATGGCGAGCTCTGAAGACGTTATCAAAGAGTTCATGCGTTTCAAAGTTCGTATGGA,569.761309874364
TTCTAGAAAAGTAAGGAGGCGCGGCATGGCGAGCTCTGAAGACGTTATCAAAGAGTTCATGCGTTTCAAAGTTCGTATGGA,1306.95051912543
TTCTAGAAAAGTAAGGAGGCGCGGCTAATGGCGAGCTCTGAAGACGTTATCAAAGAGTTCATGCGTTTCAAAGTTCGTATGGA,1632.96354884608
TTCTAGAAAAGTAAGGAGGCGCGGCTAAATGGCGAGCTCTGAAGACGTTATCAAAGAGTTCATGCGTTTCAAAGTTCGTATGGA,1844.37745524948
TTCTAGAAAAGTAAGGAGGCGCGGCTAAATCTATGGCGAGCTCTGAAGACGTTATCAAAGAGTTCATGCGTTTCAAAGTTCGTATGGA,1015.14471941587
TTCTAGAAAAGTAAGGAGGCGCGGCTAAATCTTCATGGCGAGCTCTGAAGACGTTATCAAAGAGTTCATGCGTTTCAAAGTTCGTATGGA,80.3497858660136
TTCTAGAAAAGTAAGGAGGCGCGGCTAAATCTTCTATGGCGAGCTCTGAAGACGTTATCAAAGAGTTCATGCGTTTCAAAGTTCGTATGGA,48.2693908613217
TTCTAGAAAAGTAAGGAGGCGCGGCTAAATCTTCTTATGGCGAGCTCTGAAGACGTTATCAAAGAGTTCATGCGTTTCAAAGTTCGTATGGA,50.6655873720734
TTCTAGAAAAGTAAGGAGGCGCGGCTAAATCTTCTTATCATGGCGAGCTCTGAAGACGTTATCAAAGAGTTCATGCGTTTCAAAGTTCGTATGGA,22.5948508915653
TCTAGAGGCCGACGCAAGCCCATATCGGGGCTTCCGTCGGCCATAAGGAGGTAAAAAATGGCGAGCTCTGAAGACGTTATCAAAGAGTTCATGCGTTTCAAAGTTCGTATGGAAGGTTCCGTTAACGGTCACGAGTTCGAAATCGAAGGTGAAGGTGAA,279.362222222
TCTAGAGGCCGACGCAAGCCCATATCGGGGCTTCCGTCGGCCAATAAGGAGGTAAAAAATGGCGAGCTCTGAAGACGTTATCAAAGAGTTCATGCGTTTCAAAGTTCGTATGGAAGGTTCCGTTAACGGTCACGAGTTCGAAATCGAAGGTGAAGGTGAA,700.137712191
TCTAGAGGCCGACGCAAGCCCATATCGGGGCTTCCGTCGGCCAAATAAGGAGGTAAAAAATGGCGAGCTCTGAAGACGTTATCAAAGAGTTCATGCGTTTCAAAGTTCGTATGGAAGGTTCCGTTAACGGTCACGAGTTCGAAATCGAAGGTGAAGGTGAA,958.882321429
TCTAGAGGCCGACGCAAGCCCATATCGGGGCTTCCGTCGGCCAAAAATAAGGAGGTAAAAAATGGCGAGCTCTGAAGACGTTATCAAAGAGTTCATGCGTTTCAAAGTTCGTATGGAAGGTTCCGTTAACGGTCACGAGTTCGAAATCGAAGGTGAAGGTGAA,3037.85630787
TCTAGAGGCCGACGCAAGCCCATATCGGGGCTTCCGTCGGCCAAAAAAAATAAGGAGGTAAAAAATGGCGAGCTCTGAAGACGTTATCAAAGAGTTCATGCGTTTCAAAGTTCGTATGGAAGGTTCCGTTAACGGTCACGAGTTCGAAATCGAAGGTGAAGGTGAA,8127.45215085
TCTAGAGGCCGACGCAAGCCCATATCGGGGCTTCCGTCGGCCAAAAAAAAAAAATAAGGAGGTAAAAAATGGCGAGCTCTGAAGACGTTATCAAAGAGTTCATGCGTTTCAAAGTTCGTATGGAAGGTTCCGTTAACGGTCACGAGTTCGAAATCGAAGGTGAAGGTGAA,14064.4982044
TCTAGAGGCCGACGCAAGCCCATATCGGGGCTTCCGTCGGCCAAAAAAAAAAAAAAATAAGGAGGTAAAAAATGGCGAGCTCTGAAGACGTTATCAAAGAGTTCATGCGTTTCAAAGTTCGTATGGAAGGTTCCGTTAACGGTCACGAGTTCGAAATCGAAGGTGAAGGTGAA,13018.6715179
TCTAGAGGCCGACGCAAGATATCGCTTCCGTCGGCCATAAGGAGGTAAAAAATGGCGAGCTCTGAAGACGTTATCAAAGAGTTCATGCGTTTCAAAGTTCGTATGGAAGGTTCCGTTAACGGTCACGAGTTCGAAATCGAAGGTGAAGGTGAA,261.061111111
TCTAGAGGCCGACGCAAGATATCGCTTCCGTCGGCCAATAAGGAGGTAAAAAATGGCGAGCTCTGAAGACGTTATCAAAGAGTTCATGCGTTTCAAAGTTCGTATGGAAGGTTCCGTTAACGGTCACGAGTTCGAAATCGAAGGTGAAGGTGAA,519.727777778
TCTAGAGGCCGACGCAAGATATCGCTTCCGTCGGCCAAATAAGGAGGTAAAAAATGGCGAGCTCTGAAGACGTTATCAAAGAGTTCATGCGTTTCAAAGTTCGTATGGAAGGTTCCGTTAACGGTCACGAGTTCGAAATCGAAGGTGAAGGTGAA,1099.56111111
TCTAGAGGCCGACGCAAGATATCGCTTCCGTCGGCCAAAATAAGGAGGTAAAAAATGGCGAGCTCTGAAGACGTTATCAAAGAGTTCATGCGTTTCAAAGTTCGTATGGAAGGTTCCGTTAACGGTCACGAGTTCGAAATCGAAGGTGAAGGTGAA,1928.16143036
TCTAGAGGCCGACGCAAGATATCGCTTCCGTCGGCCAAAAATAAGGAGGTAAAAAATGGCGAGCTCTGAAGACGTTATCAAAGAGTTCATGCGTTTCAAAGTTCGTATGGAAGGTTCCGTTAACGGTCACGAGTTCGAAATCGAAGGTGAAGGTGAA,2226.72777778
TCTAGAGGCCGACGCAAGATATCGCTTCCGTCGGCCAAAAAATAAGGAGGTAAAAAATGGCGAGCTCTGAAGACGTTATCAAAGAGTTCATGCGTTTCAAAGTTCGTATGGAAGGTTCCGTTAACGGTCACGAGTTCGAAATCGAAGGTGAAGGTGAA,4326.06111111
TCTAGAGGCCGACGCAAGATATCGCTTCCGTCGGCCAAAAAAATAAGGAGGTAAAAAATGGCGAGCTCTGAAGACGTTATCAAAGAGTTCATGCGTTTCAAAGTTCGTATGGAAGGTTCCGTTAACGGTCACGAGTTCGAAATCGAAGGTGAAGGTGAA,5387.56111111
TCTAGAGGCCGACGCAAGATATCGCTTCCGTCGGCCAAAAAAAATAAGGAGGTAAAAAATGGCGAGCTCTGAAGACGTTATCAAAGAGTTCATGCGTTTCAAAGTTCGTATGGAAGGTTCCGTTAACGGTCACGAGTTCGAAATCGAAGGTGAAGGTGAA,7641.48423787
TCTAGAGGCCGACGCAAGATATCGCTTCCGTCGGCCAAAAAAAAATAAGGAGGTAAAAAATGGCGAGCTCTGAAGACGTTATCAAAGAGTTCATGCGTTTCAAAGTTCGTATGGAAGGTTCCGTTAACGGTCACGAGTTCGAAATCGAAGGTGAAGGTGAA,9909.72777778
TCTAGAGGCCGACGCAAGATATCGCTTCCGTCGGCCAAAAAAAAAATAAGGAGGTAAAAAATGGCGAGCTCTGAAGACGTTATCAAAGAGTTCATGCGTTTCAAAGTTCGTATGGAAGGTTCCGTTAACGGTCACGAGTTCGAAATCGAAGGTGAAGGTGAA,10545.8944444
TCTAGAGGCCGACGCAAGATATCGCTTCCGTCGGCCAAAAAAAAAAATAAGGAGGTAAAAAATGGCGAGCTCTGAAGACGTTATCAAAGAGTTCATGCGTTTCAAAGTTCGTATGGAAGGTTCCGTTAACGGTCACGAGTTCGAAATCGAAGGTGAAGGTGAA,15819.2277778
TCTAGAGGCCGACGCAAGATATCGCTTCCGTCGGCCAAAAAAAAAAAATAAGGAGGTAAAAAATGGCGAGCTCTGAAGACGTTATCAAAGAGTTCATGCGTTTCAAAGTTCGTATGGAAGGTTCCGTTAACGGTCACGAGTTCGAAATCGAAGGTGAAGGTGAA,14782.2524444
TCTAGAGGCCGACGCAAGATATCGCTTCCGTCGGCCAAAAAAAAAAAAATAAGGAGGTAAAAAATGGCGAGCTCTGAAGACGTTATCAAAGAGTTCATGCGTTTCAAAGTTCGTATGGAAGGTTCCGTTAACGGTCACGAGTTCGAAATCGAAGGTGAAGGTGAA,13086.1161573
TCTAGAGGCCGACGCAAGATATCGCTTCCGTCGGCCAAAAAAAAAAAAAATAAGGAGGTAAAAAATGGCGAGCTCTGAAGACGTTATCAAAGAGTTCATGCGTTTCAAAGTTCGTATGGAAGGTTCCGTTAACGGTCACGAGTTCGAAATCGAAGGTGAAGGTGAA,13480.6312663
TCTAGAGGCCGACGCAAGATATCGCTTCCGTCGGCCAAAAAAAAAAAAAAATAAGGAGGTAAAAAATGGCGAGCTCTGAAGACGTTATCAAAGAGTTCATGCGTTTCAAAGTTCGTATGGAAGGTTCCGTTAACGGTCACGAGTTCGAAATCGAAGGTGAAGGTGAA,17031.3937609
TCTAGAGGCCGACGCAAGATATCGCTTCCGTCGGCCAAAAAAAAAAAAAAAATAAGGAGGTAAAAAATGGCGAGCTCTGAAGACGTTATCAAAGAGTTCATGCGTTTCAAAGTTCGTATGGAAGGTTCCGTTAACGGTCACGAGTTCGAAATCGAAGGTGAAGGTGAA,13152.8082504
TCTAGAGGCCGACGCAAGATATCGCTTCCGTCGGCCAAAAAAAAAAAAAAAAATAAGGAGGTAAAAAATGGCGAGCTCTGAAGACGTTATCAAAGAGTTCATGCGTTTCAAAGTTCGTATGGAAGGTTCCGTTAACGGTCACGAGTTCGAAATCGAAGGTGAAGGTGAA,12156.8942668
TCTAGAGGCCGACGCAAGATATCGCTTCCGTCGGCCAAAAAAAAAAAAAAAAAATAAGGAGGTAAAAAATGGCGAGCTCTGAAGACGTTATCAAAGAGTTCATGCGTTTCAAAGTTCGTATGGAAGGTTCCGTTAACGGTCACGAGTTCGAAATCGAAGGTGAAGGTGAA,11406.4752606
TCTAGAGGCCGACGCAAGATATCGCTTCCGTCGGCCAAAAAAAAAAAAAAAAAAATAAGGAGGTAAAAAATGGCGAGCTCTGAAGACGTTATCAAAGAGTTCATGCGTTTCAAAGTTCGTATGGAAGGTTCCGTTAACGGTCACGAGTTCGAAATCGAAGGTGAAGGTGAA,9702.58269367
TCTAGAGGCCGACGCAAGATATCGCTTCCGTCGGCCAAAAAAAAAAAAAAAAAAAATAAGGAGGTAAAAAATGGCGAGCTCTGAAGACGTTATCAAAGAGTTCATGCGTTTCAAAGTTCGTATGGAAGGTTCCGTTAACGGTCACGAGTTCGAAATCGAAGGTGAAGGTGAA,12578.4386322
TCTAGAGGCCGACGCAAGATATCGCTTCCGTCGGCCAAAAAAAAAAAAAAAAAAAAAAAATAAGGAGGTAAAAAATGGCGAGCTCTGAAGACGTTATCAAAGAGTTCATGCGTTTCAAAGTTCGTATGGAAGGTTCCGTTAACGGTCACGAGTTCGAAATCGAAGGTGAAGGTGAA,5614.29460289
TCTAGAGGCCGACGGATATCGCCGTCGGCCATAAGGAGGTAAAAAATGGCGAGCTCTGAAGACGTTATCAAAGAGTTCATGCGTTTCAAAGTTCGTATGGAAGGTTCCGTTAACGGTCACGAGTTCGAAATCGAAGGTGAAGGTGAA,1098.9197619
TCTAGAGGCCGACGGATATCGCCGTCGGCCAATAAGGAGGTAAAAAATGGCGAGCTCTGAAGACGTTATCAAAGAGTTCATGCGTTTCAAAGTTCGTATGGAAGGTTCCGTTAACGGTCACGAGTTCGAAATCGAAGGTGAAGGTGAA,1412.29300766
TCTAGAGGCCGACGGATATCGCCGTCGGCCAAATAAGGAGGTAAAAAATGGCGAGCTCTGAAGACGTTATCAAAGAGTTCATGCGTTTCAAAGTTCGTATGGAAGGTTCCGTTAACGGTCACGAGTTCGAAATCGAAGGTGAAGGTGAA,3988.39458333
TCTAGAGGCCGACGGATATCGCCGTCGGCCAAAATAAGGAGGTAAAAAATGGCGAGCTCTGAAGACGTTATCAAAGAGTTCATGCGTTTCAAAGTTCGTATGGAAGGTTCCGTTAACGGTCACGAGTTCGAAATCGAAGGTGAAGGTGAA,8981.28164683
TCTAGAGGCCGACGGATATCGCCGTCGGCCAAAAATAAGGAGGTAAAAAATGGCGAGCTCTGAAGACGTTATCAAAGAGTTCATGCGTTTCAAAGTTCGTATGGAAGGTTCCGTTAACGGTCACGAGTTCGAAATCGAAGGTGAAGGTGAA,9433.44449766
TCTAGAGGCCGACGGATATCGCCGTCGGCCAAAAAAAATAAGGAGGTAAAAAATGGCGAGCTCTGAAGACGTTATCAAAGAGTTCATGCGTTTCAAAGTTCGTATGGAAGGTTCCGTTAACGGTCACGAGTTCGAAATCGAAGGTGAAGGTGAA,14310.433046
TCTAGAGGCCGACGGATATCGCCGTCGGCCAAAAAAAAAAAATAAGGAGGTAAAAAATGGCGAGCTCTGAAGACGTTATCAAAGAGTTCATGCGTTTCAAAGTTCGTATGGAAGGTTCCGTTAACGGTCACGAGTTCGAAATCGAAGGTGAAGGTGAA,20833.0898574
TCTAGAGGCCGACGGATATCGCCGTCGGCCAAAAAAAAAAAAAAATAAGGAGGTAAAAAATGGCGAGCTCTGAAGACGTTATCAAAGAGTTCATGCGTTTCAAAGTTCGTATGGAAGGTTCCGTTAACGGTCACGAGTTCGAAATCGAAGGTGAAGGTGAA,17833.3418576
TCTAGAGGCCCGATATCGCGGGCCATAAGGAGGTAAAAAATGGCGAGCTCTGAAGACGTTATCAAAGAGTTCATGCGTTTCAAAGTTCGTATGGAAGGTTCCGTTAACGGTCACGAGTTCGAAATCGAAGGTGAAGGTGAA,3630.82594887
TCTAGAGGCCCGATATCGCGGGCCAATAAGGAGGTAAAAAATGGCGAGCTCTGAAGACGTTATCAAAGAGTTCATGCGTTTCAAAGTTCGTATGGAAGGTTCCGTTAACGGTCACGAGTTCGAAATCGAAGGTGAAGGTGAA,5206.52070796
TCTAGAGGCCCGATATCGCGGGCCAAATAAGGAGGTAAAAAATGGCGAGCTCTGAAGACGTTATCAAAGAGTTCATGCGTTTCAAAGTTCGTATGGAAGGTTCCGTTAACGGTCACGAGTTCGAAATCGAAGGTGAAGGTGAA,8265.20152409
TCTAGAGGCCCGATATCGCGGGCCAAAATAAGGAGGTAAAAAATGGCGAGCTCTGAAGACGTTATCAAAGAGTTCATGCGTTTCAAAGTTCGTATGGAAGGTTCCGTTAACGGTCACGAGTTCGAAATCGAAGGTGAAGGTGAA,10815.8147762
TCTAGAGGCCCGATATCGCGGGCCAAAAATAAGGAGGTAAAAAATGGCGAGCTCTGAAGACGTTATCAAAGAGTTCATGCGTTTCAAAGTTCGTATGGAAGGTTCCGTTAACGGTCACGAGTTCGAAATCGAAGGTGAAGGTGAA,17544.7245428
TCTAGAGGCCCGATATCGCGGGCCAAAAAAAATAAGGAGGTAAAAAATGGCGAGCTCTGAAGACGTTATCAAAGAGTTCATGCGTTTCAAAGTTCGTATGGAAGGTTCCGTTAACGGTCACGAGTTCGAAATCGAAGGTGAAGGTGAA,14746.3344444
TCTAGAGGCCCGATATCGCGGGCCAAAAAAAAAAAATAAGGAGGTAAAAAATGGCGAGCTCTGAAGACGTTATCAAAGAGTTCATGCGTTTCAAAGTTCGTATGGAAGGTTCCGTTAACGGTCACGAGTTCGAAATCGAAGGTGAAGGTGAA,17962.7660501
TCTAGAGGCCCGATATCGCGGGCCAAAAAAAAAAAAAAATAAGGAGGTAAAAAATGGCGAGCTCTGAAGACGTTATCAAAGAGTTCATGCGTTTCAAAGTTCGTATGGAAGGTTCCGTTAACGGTCACGAGTTCGAAATCGAAGGTGAAGGTGAA,16526.4957277
TCTAGAGGCCCGATATCGCGGGCCAAAAAAAAAAAAAAAAAAAATAAGGAGGTAAAAAATGGCGAGCTCTGAAGACGTTATCAAAGAGTTCATGCGTTTCAAAGTTCGTATGGAAGGTTCCGTTAACGGTCACGAGTTCGAAATCGAAGGTGAAGGTGAA,9898.13517058
TCGGCCGACGCAAGCCCATATCGGGGCTTCCGTCGGCCATAAGGAGGTAAAAAATGGCGAGCTCTGAAGACGTTATCAAAGAGTTCATGCGTTTCAAAGTTCGTATGGAAGGTTCCGTTAACGGTCACGAGTTCGAAATCGAAGGTGAAGGTGAA,93.5175429727
TCAGGCCGACGCAAGCCCATATCGGGGCTTCCGTCGGCCATAAGGAGGTAAAAAATGGCGAGCTCTGAAGACGTTATCAAAGAGTTCATGCGTTTCAAAGTTCGTATGGAAGGTTCCGTTAACGGTCACGAGTTCGAAATCGAAGGTGAAGGTGAA,114.097455342
TCAAGGCCGACGCAAGCCCATATCGGGGCTTCCGTCGGCCATAAGGAGGTAAAAAATGGCGAGCTCTGAAGACGTTATCAAAGAGTTCATGCGTTTCAAAGTTCGTATGGAAGGTTCCGTTAACGGTCACGAGTTCGAAATCGAAGGTGAAGGTGAA,209.142638869
TCAAAAGGCCGACGCAAGCCCATATCGGGGCTTCCGTCGGCCATAAGGAGGTAAAAAATGGCGAGCTCTGAAGACGTTATCAAAGAGTTCATGCGTTTCAAAGTTCGTATGGAAGGTTCCGTTAACGGTCACGAGTTCGAAATCGAAGGTGAAGGTGAA,336.282685734
TCAAAAAAGGCCGACGCAAGCCCATATCGGGGCTTCCGTCGGCCATAAGGAGGTAAAAAATGGCGAGCTCTGAAGACGTTATCAAAGAGTTCATGCGTTTCAAAGTTCGTATGGAAGGTTCCGTTAACGGTCACGAGTTCGAAATCGAAGGTGAAGGTGAA,872.426873385
TCAAAAAAAAAAGGCCGACGCAAGCCCATATCGGGGCTTCCGTCGGCCATAAGGAGGTAAAAAATGGCGAGCTCTGAAGACGTTATCAAAGAGTTCATGCGTTTCAAAGTTCGTATGGAAGGTTCCGTTAACGGTCACGAGTTCGAAATCGAAGGTGAAGGTGAA,4507.34668978
TCAAAAAAAAAAAAAGGCCGACGCAAGCCCATATCGGGGCTTCCGTCGGCCATAAGGAGGTAAAAAATGGCGAGCTCTGAAGACGTTATCAAAGAGTTCATGCGTTTCAAAGTTCGTATGGAAGGTTCCGTTAACGGTCACGAGTTCGAAATCGAAGGTGAAGGTGAA,5743.74113101
TCTAGACCGGGCCATATCGGGCGCGGTCTGGCTAAGGAGGTAAAAAATGGCGAGCTCTGAAGACGTTATCAAAGAGTTCATGCGTTTCAAAGTTCGTATGGAAGGTTCCGTTAACGGTCACGAGTTCGAAATCGAAGGTGAAGGTGAA,431.151697181
TCTAGACGAGGGCCATATCGGGCGCTCGTCTAATAAGGAGGTAAAAAATGGCGAGCTCTGAAGACGTTATCAAAGAGTTCATGCGTTTCAAAGTTCGTATGGAAGGTTCCGTTAACGGTCACGAGTTCGAAATCGAAGGTGAAGGTGAA,610.635534212
TCTAGACGAGGGGCCATATCGGGCGCTTCGTCTCTAAGGAGGTAAAAAATGGCGAGCTCTGAAGACGTTATCAAAGAGTTCATGCGTTTCAAAGTTCGTATGGAAGGTTCCGTTAACGGTCACGAGTTCGAAATCGAAGGTGAAGGTGAA,556.531372137
TCTAGACTAGAGGGCCATATCGGGCGCTCTAGTCATAAGGAGGTAAAAAATGGCGAGCTCTGAAGACGTTATCAAAGAGTTCATGCGTTTCAAAGTTCGTATGGAAGGTTCCGTTAACGGTCACGAGTTCGAAATCGAAGGTGAAGGTGAA,228.249617359
TCTAGAGACTAGAGGGCCATATCGGGCGCTCTAGTCATAAGGAGGTAAAAAATGGCGAGCTCTGAAGACGTTATCAAAGAGTTCATGCGTTTCAAAGTTCGTATGGAAGGTTCCGTTAACGGTCACGAGTTCGAAATCGAAGGTGAAGGTGAA,323.745229973
TCTAGAAAGACTAGAGGGCCATATCGGGCGCTCTAGTCATAAGGAGGTAAAAAATGGCGAGCTCTGAAGACGTTATCAAAGAGTTCATGCGTTTCAAAGTTCGTATGGAAGGTTCCGTTAACGGTCACGAGTTCGAAATCGAAGGTGAAGGTGAA,965.381060738
TCTAGAAAAAGACTAGAGGGCCATATCGGGCGCTCTAGTCATAAGGAGGTAAAAAATGGCGAGCTCTGAAGACGTTATCAAAGAGTTCATGCGTTTCAAAGTTCGTATGGAAGGTTCCGTTAACGGTCACGAGTTCGAAATCGAAGGTGAAGGTGAA,3416.02431201
TCTAGAAAAAAAGACTAGAGGGCCATATCGGGCGCTCTAGTCATAAGGAGGTAAAAAATGGCGAGCTCTGAAGACGTTATCAAAGAGTTCATGCGTTTCAAAGTTCGTATGGAAGGTTCCGTTAACGGTCACGAGTTCGAAATCGAAGGTGAAGGTGAA,5653.94482805
TCTAGAAAAAAAAAAGACTAGAGGGCCATATCGGGCGCTCTAGTCATAAGGAGGTAAAAAATGGCGAGCTCTGAAGACGTTATCAAAGAGTTCATGCGTTTCAAAGTTCGTATGGAAGGTTCCGTTAACGGTCACGAGTTCGAAATCGAAGGTGAAGGTGAA,7188.75277734
TCTAGAGGCCCGATATAACCCGGGCCAAAAATAAGGAGGTAAAAAATGGCGAGCTCTGAAGACGTTATCAAAGAGTTCATGCGTTTCAAAGTTCGTATGGAAGGTTCCGTTAACGGTCACGAGTTCGAAATCGAAGGTGAAGGTGAA,10834.0290378
TCTAGAGGCCCGATATATAACCCGGGCCAAAAATAAGGAGGTAAAAAATGGCGAGCTCTGAAGACGTTATCAAAGAGTTCATGCGTTTCAAAGTTCGTATGGAAGGTTCCGTTAACGGTCACGAGTTCGAAATCGAAGGTGAAGGTGAA,8433.3242268
TCTAGAGGCCCGATATATATAACCCGGGCCAAAAATAAGGAGGTAAAAAATGGCGAGCTCTGAAGACGTTATCAAAGAGTTCATGCGTTTCAAAGTTCGTATGGAAGGTTCCGTTAACGGTCACGAGTTCGAAATCGAAGGTGAAGGTGAA,6906.56922489
TCTAGAGGCCGACGCAAGAACCCTTCCGTCGGCCAAAAATAAGGAGGTAAAAAATGGCGAGCTCTGAAGACGTTATCAAAGAGTTCATGCGTTTCAAAGTTCGTATGGAAGGTTCCGTTAACGGTCACGAGTTCGAAATCGAAGGTGAAGGTGAA,4133.34716495
TCTAGAGGCCGACGCAAGATATAACCCTTCCGTCGGCCAAAAATAAGGAGGTAAAAAATGGCGAGCTCTGAAGACGTTATCAAAGAGTTCATGCGTTTCAAAGTTCGTATGGAAGGTTCCGTTAACGGTCACGAGTTCGAAATCGAAGGTGAAGGTGAA,2226.18913708
TCTAGAGGCCGACGCAAGATATATAACCCTTCCGTCGGCCAAAAATAAGGAGGTAAAAAATGGCGAGCTCTGAAGACGTTATCAAAGAGTTCATGCGTTTCAAAGTTCGTATGGAAGGTTCCGTTAACGGTCACGAGTTCGAAATCGAAGGTGAAGGTGAA,2556.02033219
TCTAGAGGCCGACGCAAGATATATATAACCCTTCCGTCGGCCAAAAATAAGGAGGTAAAAAATGGCGAGCTCTGAAGACGTTATCAAAGAGTTCATGCGTTTCAAAGTTCGTATGGAAGGTTCCGTTAACGGTCACGAGTTCGAAATCGAAGGTGAAGGTGAA,2209.38900344
TCTAGACGGCGCACCCGGATATCGCCGGGAGCGCCGAAAAATAAGGAGGTAAAAAATGGCGAGCTCTGAAGACGTTATCAAAGAGTTCATGCGTTTCAAAGTTCGTATGGAAGGTTCCGTTAACGGTCACGAGTTCGAAATCGAAGGTGAAGGTGAA,4235.1154976
TCTAGACGGCGCAGGCCCATATCGGGGCCAACGGCCATATCGGGCCGAACCCGGATATCGCCGGGAGCGCCGAAAAATAAGGAGGTAAAAAATGGCGAGCTCTGAAGACGTTATCAAAGAGTTCATGCGTTTCAAAGTTCGTATGGAAGGTTCCGTTAACGGTCACGAGTTCGAAATCGAAGGTGAAGGTGAA,3077.5064948
TCTAGACGGCGCACGGCCATATCGGGCCGAACCCGGATATCGCCGGGAGCGCCGATAAGGAGGTAAAAAATGGCGAGCTCTGAAGACGTTATCAAAGAGTTCATGCGTTTCAAAGTTCGTATGGAAGGTTCCGTTAACGGTCACGAGTTCGAAATCGAAGGTGAAGGTGAA,1342.97717826
TCTAGACGGCGCACGGCCATATCGGGCCGAACCCGGATATCGCCGGGAGCGCCGAAATAAGGAGGTAAAAAATGGCGAGCTCTGAAGACGTTATCAAAGAGTTCATGCGTTTCAAAGTTCGTATGGAAGGTTCCGTTAACGGTCACGAGTTCGAAATCGAAGGTGAAGGTGAA,2797.39059752
TCTAGACGGCGCACGGCCATATCGGGCCGAACCCGGATATCGCCGGGAGCGCCGAAAAATAAGGAGGTAAAAAATGGCGAGCTCTGAAGACGTTATCAAAGAGTTCATGCGTTTCAAAGTTCGTATGGAAGGTTCCGTTAACGGTCACGAGTTCGAAATCGAAGGTGAAGGTGAA,6281.16383893
TCTAGACGGCGCACGGCCATATCGGGCCGAACCCGGATATCGCCGGGAGCGCCGAAAAAAAATAAGGAGGTAAAAAATGGCGAGCTCTGAAGACGTTATCAAAGAGTTCATGCGTTTCAAAGTTCGTATGGAAGGTTCCGTTAACGGTCACGAGTTCGAAATCGAAGGTGAAGGTGAA,13129.0195444
TCTAGACGGCGCACGGCCATATCGGGCCGAACCCGGATATCGCCGGGAGCGCCGAAAAAAAAAAAATAAGGAGGTAAAAAATGGCGAGCTCTGAAGACGTTATCAAAGAGTTCATGCGTTTCAAAGTTCGTATGGAAGGTTCCGTTAACGGTCACGAGTTCGAAATCGAAGGTGAAGGTGAA,25378.033733
TCTAGACCGGGCCATATCGGGCGCGGTCTGGCATAAGGAGGTAAAAAATGGCGAGCTCTGAAGACGTTATCAAAGAGTTCATGCGTTTCAAAGTTCGTATGGAAGGTTCCGTTAACGGTCACGAGTTCGAAATCGAAGGTGAAGGTGAA,653.428721636
TCTAGACCGGGCCATATCGGGCGCGGTCTGGCAAATAAGGAGGTAAAAAATGGCGAGCTCTGAAGACGTTATCAAAGAGTTCATGCGTTTCAAAGTTCGTATGGAAGGTTCCGTTAACGGTCACGAGTTCGAAATCGAAGGTGAAGGTGAA,1630.88874843
TCTAGACCGGGCCATATCGGGCGCGGTCTGGCAAAAATAAGGAGGTAAAAAATGGCGAGCTCTGAAGACGTTATCAAAGAGTTCATGCGTTTCAAAGTTCGTATGGAAGGTTCCGTTAACGGTCACGAGTTCGAAATCGAAGGTGAAGGTGAA,2789.56912297
TCTAGACCGGGCCATATCGGGCGCGGTCTGGCAAAAAAATAAGGAGGTAAAAAATGGCGAGCTCTGAAGACGTTATCAAAGAGTTCATGCGTTTCAAAGTTCGTATGGAAGGTTCCGTTAACGGTCACGAGTTCGAAATCGAAGGTGAAGGTGAA,4368.02266977
TCTAGACCGGGCCATATCGGGCGCGGTCTGGCAAAAAAAAATAAGGAGGTAAAAAATGGCGAGCTCTGAAGACGTTATCAAAGAGTTCATGCGTTTCAAAGTTCGTATGGAAGGTTCCGTTAACGGTCACGAGTTCGAAATCGAAGGTGAAGGTGAA,7202.7186891
TCTAGACCGGGCCATATCGGGCGCGGTCTGGCAAAAAAAAAAATAAGGAGGTAAAAAATGGCGAGCTCTGAAGACGTTATCAAAGAGTTCATGCGTTTCAAAGTTCGTATGGAAGGTTCCGTTAACGGTCACGAGTTCGAAATCGAAGGTGAAGGTGAA,7873.98550421
TCTAGACCGGGCCATATCGGGCGCGGTCTGGCAAAAAAAAAAAAAATAAGGAGGTAAAAAATGGCGAGCTCTGAAGACGTTATCAAAGAGTTCATGCGTTTCAAAGTTCGTATGGAAGGTTCCGTTAACGGTCACGAGTTCGAAATCGAAGGTGAAGGTGAA,6630.47762994
TCTAGAGCCCGGATATCGCCGCGCTCTGGAAAAATAAGGAGGTAAAAAATGGCGAGCTCTGAAGACGTTATCAAAGAGTTCATGCGTTTCAAAGTTCGTATGGAAGGTTCCGTTAACGGTCACGAGTTCGAAATCGAAGGTGAAGGTGAA,444.32856799
TCTAGAGGCCCGGATATCGCCGCGCCTCTGGCAAATAAGGAGGTAAAAAATGGCGAGCTCTGAAGACGTTATCAAAGAGTTCATGCGTTTCAAAGTTCGTATGGAAGGTTCCGTTAACGGTCACGAGTTCGAAATCGAAGGTGAAGGTGAA,1315.01229643
TCTAGACCAGAGCCAGGATATCGCCTCGCTCTGGTAAAATAAGGAGGTAAAAAATGGCGAGCTCTGAAGACGTTATCAAAGAGTTCATGCGTTTCAAAGTTCGTATGGAAGGTTCCGTTAACGGTCACGAGTTCGAAATCGAAGGTGAAGGTGAA,1835.30462495
TCTAGATCCAGAGCCAGGATATCGCCTCGCTCTGGAAAAATAAGGAGGTAAAAAATGGCGAGCTCTGAAGACGTTATCAAAGAGTTCATGCGTTTCAAAGTTCGTATGGAAGGTTCCGTTAACGGTCACGAGTTCGAAATCGAAGGTGAAGGTGAA,2443.46494485
TCTAGAAATCCAGAGCCAGGATATCGCCTCGCTCTGGAAAAATAAGGAGGTAAAAAATGGCGAGCTCTGAAGACGTTATCAAAGAGTTCATGCGTTTCAAAGTTCGTATGGAAGGTTCCGTTAACGGTCACGAGTTCGAAATCGAAGGTGAAGGTGAA,5074.32607866
TCTAGAAAAAAATCCAGAGCCAGGATATCGCCTCGCTCTGGAAAAATAAGGAGGTAAAAAATGGCGAGCTCTGAAGACGTTATCAAAGAGTTCATGCGTTTCAAAGTTCGTATGGAAGGTTCCGTTAACGGTCACGAGTTCGAAATCGAAGGTGAAGGTGAA,7317.41003811
TCTAGAAAAAAAAAAAAAAATCCAGAGCCAGGATATCGCCTCGCTCTGGAAAAATAAGGAGGTAAAAAATGGCGAGCTCTGAAGACGTTATCAAAGAGTTCATGCGTTTCAAAGTTCGTATGGAAGGTTCCGTTAACGGTCACGAGTTCGAAATCGAAGGTGAAGGTGAA,4410.97676895
TCTAGAGGATATCGCCTCTGGCAAATAAGGAGGTAAAAAATGGCGAGCTCTGAAGACGTTATCAAAGAGTTCATGCGTTTCAAAGTTCGTATGGAAGGTTCCGTTAACGGTCACGAGTTCGAAATCGAAGGTGAAGGTGAA,2740.83375096
TCTAGACCAGAGATATCGCTCTGGTAAAATAAGGAGGTAAAAAATGGCGAGCTCTGAAGACGTTATCAAAGAGTTCATGCGTTTCAAAGTTCGTATGGAAGGTTCCGTTAACGGTCACGAGTTCGAAATCGAAGGTGAAGGTGAA,8738.9010486
TCTAGATCCAGAGATATCGCTCTGGAAAAATAAGGAGGTAAAAAATGGCGAGCTCTGAAGACGTTATCAAAGAGTTCATGCGTTTCAAAGTTCGTATGGAAGGTTCCGTTAACGGTCACGAGTTCGAAATCGAAGGTGAAGGTGAA,12686.4365314
TCTAGAAAAAAATCCAGAGATATCGCTCTGGAAAAATAAGGAGGTAAAAAATGGCGAGCTCTGAAGACGTTATCAAAGAGTTCATGCGTTTCAAAGTTCGTATGGAAGGTTCCGTTAACGGTCACGAGTTCGAAATCGAAGGTGAAGGTGAA,12198.9358135
TCTAGAAAAAAAAAAAAAAATCCAGAGATATCGCTCTGGAAAAATAAGGAGGTAAAAAATGGCGAGCTCTGAAGACGTTATCAAAGAGTTCATGCGTTTCAAAGTTCGTATGGAAGGTTCCGTTAACGGTCACGAGTTCGAAATCGAAGGTGAAGGTGAA,5420.4401551
TCTAGATTTCGACGCAAGCCCATATCGGGGCTTCCGTCGAAAAATAAGGAGGTAAAAAATGGCGAGCTCTGAAGACGTTATCAAAGAGTTCATGCGTTTCAAAGTTCGTATGGAAGGTTCCGTTAACGGTCACGAGTTCGAAATCGAAGGTGAAGGTGAA,2131.76517168
TCTAGATTTCGACGCAAGATATCGCTTCCGTCGAAAAATAAGGAGGTAAAAAATGGCGAGCTCTGAAGACGTTATCAAAGAGTTCATGCGTTTCAAAGTTCGTATGGAAGGTTCCGTTAACGGTCACGAGTTCGAAATCGAAGGTGAAGGTGAA,2564.80433063
TCTAGATTTCGACGGATATCGCCGTCGAAAAATAAGGAGGTAAAAAATGGCGAGCTCTGAAGACGTTATCAAAGAGTTCATGCGTTTCAAAGTTCGTATGGAAGGTTCCGTTAACGGTCACGAGTTCGAAATCGAAGGTGAAGGTGAA,4540.1557581
TCTAGATTTCCGATATCGCGGAAAAATAAGGAGGTAAAAAATGGCGAGCTCTGAAGACGTTATCAAAGAGTTCATGCGTTTCAAAGTTCGTATGGAAGGTTCCGTTAACGGTCACGAGTTCGAAATCGAAGGTGAAGGTGAA,11082.8578029
TCTAGACTTTTCCCGCCGGATATCGCCGCCGGGAAAAAAAATAAGGAGGTAAAAAATGGCGAGCTCTGAAGACGTTATCAAAGAGTTCATGCGTTTCAAAGTTCGTATGGAAGGTTCCGTTAACGGTCACGAGTTCGAAATCGAAGGTGAAGGTGAA,4502.72777778
TCTAGACTTTTCCCGCCGGATATCGCCGCCGGGAAAAAAAAAAAATAAGGAGGTAAAAAATGGCGAGCTCTGAAGACGTTATCAAAGAGTTCATGCGTTTCAAAGTTCGTATGGAAGGTTCCGTTAACGGTCACGAGTTCGAAATCGAAGGTGAAGGTGAA,10747.5611111
TCTAGACTTTTCCCGCCGGATATCGCCGCCGGGAAAAAAAAAAAAAAAAAAATAAGGAGGTAAAAAATGGCGAGCTCTGAAGACGTTATCAAAGAGTTCATGCGTTTCAAAGTTCGTATGGAAGGTTCCGTTAACGGTCACGAGTTCGAAATCGAAGGTGAAGGTGAA,10683.7277778
TCTAGACTTTTCGATATCGCGAAAAAAAATAAGGAGGTAAAAAATGGCGAGCTCTGAAGACGTTATCAAAGAGTTCATGCGTTTCAAAGTTCGTATGGAAGGTTCCGTTAACGGTCACGAGTTCGAAATCGAAGGTGAAGGTGAA,8958.07777778
TCTAGACTTTTCGATATCGCGAAAAAAAAAAAATAAGGAGGTAAAAAATGGCGAGCTCTGAAGACGTTATCAAAGAGTTCATGCGTTTCAAAGTTCGTATGGAAGGTTCCGTTAACGGTCACGAGTTCGAAATCGAAGGTGAAGGTGAA,9210.47777778
TCTAGACTTTTCGATATCGCGAAAAAAAAAAAAAAAAAAATAAGGAGGTAAAAAATGGCGAGCTCTGAAGACGTTATCAAAGAGTTCATGCGTTTCAAAGTTCGTATGGAAGGTTCCGTTAACGGTCACGAGTTCGAAATCGAAGGTGAAGGTGAA,5962.17777778
TCTAGACTTTTCGATATCGCGAAAAAGACTAAGGAGGTAAAAAATGGCGAGCTCTGAAGACGTTATCAAAGAGTTCATGCGTTTCAAAGTTCGTATGGAAGGTTCCGTTAACGGTCACGAGTTCGAAATCGAAGGTGAAGGTGAA,4084.49444444
TCTAGACTTTTCGATATCGCGAAAAAGACAGAACAAGTAAGGAGGTAAAAAATGGCGAGCTCTGAAGACGTTATCAAAGAGTTCATGCGTTTCAAAGTTCGTATGGAAGGTTCCGTTAACGGTCACGAGTTCGAAATCGAAGGTGAAGGTGAA,3409.34444444
TCTAGACTTTTCGATATCGCGAAAAAGACAGAACAAGAACAAGACTAAGGAGGTAAAAAATGGCGAGCTCTGAAGACGTTATCAAAGAGTTCATGCGTTTCAAAGTTCGTATGGAAGGTTCCGTTAACGGTCACGAGTTCGAAATCGAAGGTGAAGGTGAA,9268.22777778
TCTAGAGGCCGACGCAAGATATCGCTTCCGTCGGCCGGCCCGATATCGCGGGCCTAAGGAGGTAAAAAATGGCGAGCTCTGAAGACGTTATCAAAGAGTTCATGCGTTTCAAAGTTCGTATGGAAGGTTCCGTTAACGGTCACGAGTTCGAAATCGAAGGTGAAGGTGAA,516.227777778
TCTAGAGGCCGACGCAAGATATCGCTTCCGTCGGCCAAACGGCCCGATATCGCGGGCCTAAGGAGGTAAAAAATGGCGAGCTCTGAAGACGTTATCAAAGAGTTCATGCGTTTCAAAGTTCGTATGGAAGGTTCCGTTAACGGTCACGAGTTCGAAATCGAAGGTGAAGGTGAA,2363.72777778
TCTAGAGGCCGACGCAAGATATCGCTTCCGTCGGCCAAAAAAACGGCCCGATATCGCGGGCCTAAGGAGGTAAAAAATGGCGAGCTCTGAAGACGTTATCAAAGAGTTCATGCGTTTCAAAGTTCGTATGGAAGGTTCCGTTAACGGTCACGAGTTCGAAATCGAAGGTGAAGGTGAA,7199.69229391
TCTAGAGGCCGACGCAAGATATCGCTTCCGTCGGCCAAAAAAAAAAACGGCCCGATATCGCGGGCCTAAGGAGGTAAAAAATGGCGAGCTCTGAAGACGTTATCAAAGAGTTCATGCGTTTCAAAGTTCGTATGGAAGGTTCCGTTAACGGTCACGAGTTCGAAATCGAAGGTGAAGGTGAA,15240.0611111
TCTAGAGGCCGACGCAAGATATCGCTTCCGTCGGCCGGCCCGATATCGCGGGCCAAAATAAGGAGGTAAAAAATGGCGAGCTCTGAAGACGTTATCAAAGAGTTCATGCGTTTCAAAGTTCGTATGGAAGGTTCCGTTAACGGTCACGAGTTCGAAATCGAAGGTGAAGGTGAA,1252.39444444
TCTAGAGGCCGACGCAAGATATCGCTTCCGTCGGCCAAACGGCCCGATATCGCGGGCCAAAATAAGGAGGTAAAAAATGGCGAGCTCTGAAGACGTTATCAAAGAGTTCATGCGTTTCAAAGTTCGTATGGAAGGTTCCGTTAACGGTCACGAGTTCGAAATCGAAGGTGAAGGTGAA,4429.39444444
TCTAGAGGCCGACGCAAGATATCGCTTCCGTCGGCCAAAAAAACGGCCCGATATCGCGGGCCAAAATAAGGAGGTAAAAAATGGCGAGCTCTGAAGACGTTATCAAAGAGTTCATGCGTTTCAAAGTTCGTATGGAAGGTTCCGTTAACGGTCACGAGTTCGAAATCGAAGGTGAAGGTGAA,9975.35890398
TCTAGAGGCCGACGCAAGATATCGCTTCCGTCGGCCAAAAAAAAAAACGGCCCGATATCGCGGGCCAAAATAAGGAGGTAAAAAATGGCGAGCTCTGAAGACGTTATCAAAGAGTTCATGCGTTTCAAAGTTCGTATGGAAGGTTCCGTTAACGGTCACGAGTTCGAAATCGAAGGTGAAGGTGAA,14480.2277778
TCTAGAGGCCGACGCAAGATATCGCTTCCGTCGGCCGGCCCGATATCGCGGGCCAAAAAAAATAAGGAGGTAAAAAATGGCGAGCTCTGAAGACGTTATCAAAGAGTTCATGCGTTTCAAAGTTCGTATGGAAGGTTCCGTTAACGGTCACGAGTTCGAAATCGAAGGTGAAGGTGAA,7669.39359882
TCTAGAGGCCGACGCAAGATATCGCTTCCGTCGGCCAAACGGCCCGATATCGCGGGCCAAAAAAAATAAGGAGGTAAAAAATGGCGAGCTCTGAAGACGTTATCAAAGAGTTCATGCGTTTCAAAGTTCGTATGGAAGGTTCCGTTAACGGTCACGAGTTCGAAATCGAAGGTGAAGGTGAA,19840.8983579
TCTAGAGGCCGACGCAAGATATCGCTTCCGTCGGCCAAAAAAACGGCCCGATATCGCGGGCCAAAAAAAATAAGGAGGTAAAAAATGGCGAGCTCTGAAGACGTTATCAAAGAGTTCATGCGTTTCAAAGTTCGTATGGAAGGTTCCGTTAACGGTCACGAGTTCGAAATCGAAGGTGAAGGTGAA,21675.8243068
TCTAGAGGCCGACGCAAGATATCGCTTCCGTCGGCCAAAAAAAAAAACGGCCCGATATCGCGGGCCAAAAAAAATAAGGAGGTAAAAAATGGCGAGCTCTGAAGACGTTATCAAAGAGTTCATGCGTTTCAAAGTTCGTATGGAAGGTTCCGTTAACGGTCACGAGTTCGAAATCGAAGGTGAAGGTGAA,24839.2218092
TCTAGAGGCCGACGCAAGATATCGCTTCCGTCGGCCGGCCCGATATCGCGGGCCAAAAAAAAAAAATAAGGAGGTAAAAAATGGCGAGCTCTGAAGACGTTATCAAAGAGTTCATGCGTTTCAAAGTTCGTATGGAAGGTTCCGTTAACGGTCACGAGTTCGAAATCGAAGGTGAAGGTGAA,11685.5611111
TCTAGAGGCCGACGCAAGATATCGCTTCCGTCGGCCAAACGGCCCGATATCGCGGGCCAAAAAAAAAAAATAAGGAGGTAAAAAATGGCGAGCTCTGAAGACGTTATCAAAGAGTTCATGCGTTTCAAAGTTCGTATGGAAGGTTCCGTTAACGGTCACGAGTTCGAAATCGAAGGTGAAGGTGAA,21395.2277778
TCTAGAGGCCGACGCAAGATATCGCTTCCGTCGGCCAAAAAAACGGCCCGATATCGCGGGCCAAAAAAAAAAAATAAGGAGGTAAAAAATGGCGAGCTCTGAAGACGTTATCAAAGAGTTCATGCGTTTCAAAGTTCGTATGGAAGGTTCCGTTAACGGTCACGAGTTCGAAATCGAAGGTGAAGGTGAA,22577.996529
TCTAGAGGCCGACGCAAGATATCGCTTCCGTCGGCCAAAAAAAAAAACGGCCCGATATCGCGGGCCAAAAAAAAAAAATAAGGAGGTAAAAAATGGCGAGCTCTGAAGACGTTATCAAAGAGTTCATGCGTTTCAAAGTTCGTATGGAAGGTTCCGTTAACGGTCACGAGTTCGAAATCGAAGGTGAAGGTGAA,18928.2277778
TCTAGACGCCGGCAACACCCGGCGAAAAGGCCGACGCAAGATATCGCTTCCGTCGGCCAAACGGCCCGATATCGCGGGCCAAAATAAGGAGGTAAAAAATGGCGAGCTCTGAAGACGTTATCAAAGAGTTCATGCGTTTCAAAGTTCGTATGGAAGGTTCCGTTAACGGTCACGAGTTCGAAATCGAAGGTGAAGGTGAA,4121.49055839
TCTAGACGCCGGCAACACCCGGCGAAAAAAAAGGCCGACGCAAGATATCGCTTCCGTCGGCCAAAAAAACGGCCCGATATCGCGGGCCAAAAAAAATAAGGAGGTAAAAAATGGCGAGCTCTGAAGACGTTATCAAAGAGTTCATGCGTTTCAAAGTTCGTATGGAAGGTTCCGTTAACGGTCACGAGTTCGAAATCGAAGGTGAAGGTGAA,17786.2195812
TCTAGACGCCGGCAACACCCGGCGAAAAAAAAAAAAGGCCGACGCAAGATATCGCTTCCGTCGGCCAAAAAAAAAAACGGCCCGATATCGCGGGCCAAAAAAAAAAAATAAGGAGGTAAAAAATGGCGAGCTCTGAAGACGTTATCAAAGAGTTCATGCGTTTCAAAGTTCGTATGGAAGGTTCCGTTAACGGTCACGAGTTCGAAATCGAAGGTGAAGGTGAA,15917.1419921
TCTAGACCCGCTCCCTTCCAACACGAACGGAGCGGGAAAACGCCGGCAACACCCGGCGAAAAGGCCGACGCAAGATATCGCTTCCGTCGGCCAAACGGCCCGATATCGCGGGCCAAAATAAGGAGGTAAAAAATGGCGAGCTCTGAAGACGTTATCAAAGAGTTCATGCGTTTCAAAGTTCGTATGGAAGGTTCCGTTAACGGTCACGAGTTCGAAATCGAAGGTGAAGGTGAA,3778.30121675
TCTAGACCCGCTCCCTTCCAACACGAACGGAGCGGGAAAAAAAACGCCGGCAACACCCGGCGAAAAAAAAGGCCGACGCAAGATATCGCTTCCGTCGGCCAAAAAAACGGCCCGATATCGCGGGCCAAAAAAAATAAGGAGGTAAAAAATGGCGAGCTCTGAAGACGTTATCAAAGAGTTCATGCGTTTCAAAGTTCGTATGGAAGGTTCCGTTAACGGTCACGAGTTCGAAATCGAAGGTGAAGGTGAA,15275.8217317
TCTAGACCCGCTCCCTTCCAACACGAACGGAGCGGGAAAAAAAAAAAACGCCGGCAACACCCGGCGAAAAAAAAAAAAGGCCGACGCAAGATATCGCTTCCGTCGGCCAAAAAAAAAAACGGCCCGATATCGCGGGCCAAAAAAAAAAAATAAGGAGGTAAAAAATGGCGAGCTCTGAAGACGTTATCAAAGAGTTCATGCGTTTCAAAGTTCGTATGGAAGGTTCCGTTAACGGTCACGAGTTCGAAATCGAAGGTGAAGGTGAA,16842.3641954
TCTAGAAAAAACGGCCCGATATCGCGGGCCTCCAGAGCCAGGATATCGCCTCGCTCTGGAAAAATAAGGAGGTAAAAAATGGCGAGCTCTGAAGACGTTATCAAAGAGTTCATGCGTTTCAAAGTTCGTATGGAAGGTTCCGTTAACGGTCACGAGTTCGAAATCGAAGGTGAAGGTGAA,3631.60164413
TCTAGAAAAAAACGCGCTCGCATCCAACACGATCCGAGCGCGGGCCCGATATCGCGGGCCTCCAGAGCCAGGATATCGCCTCGCTCTGGAAAAATAAGGAGGTAAAAAATGGCGAGCTCTGAAGACGTTATCAAAGAGTTCATGCGTTTCAAAGTTCGTATGGAAGGTTCCGTTAACGGTCACGAGTTCGAAATCGAAGGTGAAGGTGAA,1162.80996301
TCTAGAAAAAAACGCGGCCAACACGCCGCGCGCGCTCGCATCCAACACGATCCGAGCGCGGGCCCGATATCGCGGGCCTCCAGAGCCAGGATATCGCCTCGCTCTGGAAAAATAAGGAGGTAAAAAATGGCGAGCTCTGAAGACGTTATCAAAGAGTTCATGCGTTTCAAAGTTCGTATGGAAGGTTCCGTTAACGGTCACGAGTTCGAAATCGAAGGTGAAGGTGAA,1017.23384959
TCTAGAAAAAAAGACTAGAGGGCCATATCGGGCGCTCTAGTCAGGCCCGATATCGCGGGCCATAAGGAGGTAAAAAATGGCGAGCTCTGAAGACGTTATCAAAGAGTTCATGCGTTTCAAAGTTCGTATGGAAGGTTCCGTTAACGGTCACGAGTTCGAAATCGAAGGTGAAGGTGAA,2845.90301993
TCTAGACCGGGCCATATCGGGCGCGGTCTGGCAAAAAAAAAAAGGCCCGATATCGCGGGCCATAAGGAGGTAAAAAATGGCGAGCTCTGAAGACGTTATCAAAGAGTTCATGCGTTTCAAAGTTCGTATGGAAGGTTCCGTTAACGGTCACGAGTTCGAAATCGAAGGTGAAGGTGAA,2766.62931494
TCTAGACCGGGCCATATCGGGCGCGGTCTGGCGGCCCGATATCGCGGGCCAAAAAAAAAAAATAAGGAGGTAAAAAATGGCGAGCTCTGAAGACGTTATCAAAGAGTTCATGCGTTTCAAAGTTCGTATGGAAGGTTCCGTTAACGGTCACGAGTTCGAAATCGAAGGTGAAGGTGAA,6317.50891044
TCTAGAAAAAAAAATAAGGAGGTAAAAAATGGCGAGCTCTGAAGACGTTATCAAAGAGTTCATGCGTTTCAAAGTTCGTATGGAAGGTTCCGTTAACGGTCACGAGTTCGAAATCGAAGGTGAAGGTGAA,18603.9070019
TCTAGACCCTCCTTAGCCGGAGGATATCGCCTCCGTCTAAGGAGGTAAAAAATGGCGAGCTCTGAAGACGTTATCAAAGAGTTCATGCGTTTCAAAGTTCGTATGGAAGGTTCCGTTAACGGTCACGAGTTCGAAATCGAAGGTGAAGGTGAA,1.0
TCTAGACTTAGCGCGCCGGAGGATATCGCCTCCGTCGCGCTAAGGAGGTAAAAAATGGCGAGCTCTGAAGACGTTATCAAAGAGTTCATGCGTTTCAAAGTTCGTATGGAAGGTTCCGTTAACGGTCACGAGTTCGAAATCGAAGGTGAAGGTGAA,8.666666666666671
TCTAGAGGCCGACGCAAGATATCGCTTCCGTCGGCCTAAGGAGGTAAAAAATGGCGAGCTCTGAAGACGTTATCAAAGAGTTCATGCGTTTCAAAGTTCGTATGGAAGGTTCCGTTAACGGTCACGAGTTCGAAATCGAAGGTGAAGGTGAA,173.69275117370893
TCTAGACCCTCCTCACGATATCGCGTAAGGAGGTAAAAAATGGCGAGCTCTGAAGACGTTATCAAAGAGTTCATGCGTTTCAAAGTTCGTATGGAAGGTTCCGTTAACGGTCACGAGTTCGAAATCGAAGGTGAAGGTGAA,1.3333333333333428
TCTAGACTTAGGACCGATATCGCGGGCCTAAGGAGGTAAAAAATGGCGAGCTCTGAAGACGTTATCAAAGAGTTCATGCGTTTCAAAGTTCGTATGGAAGGTTCCGTTAACGGTCACGAGTTCGAAATCGAAGGTGAAGGTGAA,41.16666666666667
TCTAGAGGCCCGATATCGCGGGCCTAAGGAGGTAAAAAATGGCGAGCTCTGAAGACGTTATCAAAGAGTTCATGCGTTTCAAAGTTCGTATGGAAGGTTCCGTTAACGGTCACGAGTTCGAAATCGAAGGTGAAGGTGAA,1214.471605633803
TCTAGAGGCATATCGGCCAATAAGGAGGTAAAAAATGGCGAGCTCTGAAGACGTTATCAAAGAGTTCATGCGTTTCAAAGTTCGTATGGAAGGTTCCGTTAACGGTCACGAGTTCGAAATCGAAGGTGAAGGTGAA,5550.797222222222
TCTAGAGGCATATCGGCCAAATAAGGAGGTAAAAAATGGCGAGCTCTGAAGACGTTATCAAAGAGTTCATGCGTTTCAAAGTTCGTATGGAAGGTTCCGTTAACGGTCACGAGTTCGAAATCGAAGGTGAAGGTGAA,6157.649340144743
TCTAGAGGCATATCGGCCAAAATAAGGAGGTAAAAAATGGCGAGCTCTGAAGACGTTATCAAAGAGTTCATGCGTTTCAAAGTTCGTATGGAAGGTTCCGTTAACGGTCACGAGTTCGAAATCGAAGGTGAAGGTGAA,5545.827724563645
TCTAGAGGCATATCGGCCAAAAATAAGGAGGTAAAAAATGGCGAGCTCTGAAGACGTTATCAAAGAGTTCATGCGTTTCAAAGTTCGTATGGAAGGTTCCGTTAACGGTCACGAGTTCGAAATCGAAGGTGAAGGTGAA,5834.440857811835
TCTAGAGGCATATCGGCCAAAAAAAATAAGGAGGTAAAAAATGGCGAGCTCTGAAGACGTTATCAAAGAGTTCATGCGTTTCAAAGTTCGTATGGAAGGTTCCGTTAACGGTCACGAGTTCGAAATCGAAGGTGAAGGTGAA,8926.127132936508
TCTAGAGGCATATCGGCCAAAAAAAAAAAATAAGGAGGTAAAAAATGGCGAGCTCTGAAGACGTTATCAAAGAGTTCATGCGTTTCAAAGTTCGTATGGAAGGTTCCGTTAACGGTCACGAGTTCGAAATCGAAGGTGAAGGTGAA,13324.834980158728
TCTAGAGGCCGACGCAAGAAAAAAAAAAAAAAAAAAAAAAAAAAAAAACTTCCGTCGGCCATAAGGAGGTAAAAAATGGCGAGCTCTGAAGACGTTATCAAAGAGTTCATGCGTTTCAAAGTTCGTATGGAAGGTTCCGTTAACGGTCACGAGTTCGAAATCGAAGGTGAAGGTGAA,66.000883354619
TCTAGAAAAAAAAAAAAAAAATAAGGAGGTAAAAAATGAAGGGCCTCGGGACAACACAGTCACGAGGCCCACCGCGACGCCTCAAACACGAGACGTCGCGGAAGAGCTCTGAAGACGTTATCAAAGAGTTCATGCGTTTCAAAGTTCGTATGGAAGGTTCCGTTAACGGTCACGAGTTCGAAATCGAAGGTGAAGGTGAA,16.879310344827587
TCTAGAGCCCGGATATCGCCGCGCTCTGGAATAAGGAGGTAAAAAATGAAGGGCCTCGGGACAACACAGTCACGAGGCCCACCGCGACGCCTCAAACACGAGACGTCGCGGAAGAGCTCTGAAGACGTTATCAAAGAGTTCATGCGTTTCAAAGTTCGTATGGAAGGTTCCGTTAACGGTCACGAGTTCGAAATCGAAGGTGAAGGTGAA,20.49175287356323
TCTAGAAAAAAAAAAAAAAAATAAGGAGGTAAAAAATGAAGGGCCTCGGGACAACACAGTCACGAGGCCCAAAAAAAAAAAAACCGCGACGCCTCAAACACGAGACGTCGCGGAAGAGCTCTGAAGACGTTATCAAAGAGTTCATGCGTTTCAAAGTTCGTATGGAAGGTTCCGTTAACGGTCACGAGTTCGAAATCGAAGGTGAAGGTGAA,31.329080459770125
TCTAGAGCCCGGATATCGCCGCGCTCTGGAATAAGGAGGTAAAAAATGAAGGGCCTCGGGACAACACAGTCACGAGGCCCAAAAAAAAAAAAACCGCGACGCCTCAAACACGAGACGTCGCGGAAGAGCTCTGAAGACGTTATCAAAGAGTTCATGCGTTTCAAAGTTCGTATGGAAGGTTCCGTTAACGGTCACGAGTTCGAAATCGAAGGTGAAGGTGAA,51.97160919540231
TCTAGAAAAAAAAAAAAAAACCGGCCTTAAGGGATATCGCCCGTAAGGCCGTAAAAAATGGCGAGCTCTGAAGACGTTATCAAAGAGTTCATGCGTTTCAAAGTTCGTATGGAAGGTTCCGTTAACGGTCACGAGTTCGAAATCGAAGGTGAAGGTGAA,16.55677083333333
TCTAGAAAAAAATAAGGAGGTCGGCCTTAAGGGATATCGCCCGTAAGGCCGTAAAAAATGGCGAGCTCTGAAGACGTTATCAAAGAGTTCATGCGTTTCAAAGTTCGTATGGAAGGTTCCGTTAACGGTCACGAGTTCGAAATCGAAGGTGAAGGTGAA,133.47734375
TCTAGAAAAAAAAAAAAAGACTAGAGGGCCATATCGGGCGCTCTAGTCATAAGGAGGTAAAAAATGGCGAGCTCTGAAGACGTTATCAAAGAGTTCATGCGTTTCAAAGTTCGTATGGAAGGTTCCGTTAACGGTCACGAGTTCGAAATCGAAGGTGAAGGTGAA,5343.218253165778
TCAAAAAAAAAAAAAAAAGGCCGACGCAAGCCCATATCGGGGCTTCCGTCGGCCATAAGGAGGTAAAAAATGGCGAGCTCTGAAGACGTTATCAAAGAGTTCATGCGTTTCAAAGTTCGTATGGAAGGTTCCGTTAACGGTCACGAGTTCGAAATCGAAGGTGAAGGTGAA,3780.168144028761
TCTAGAGGCCCGAACCCGGGCCAAAAATAAGGAGGTAAAAAATGGCGAGCTCTGAAGACGTTATCAAAGAGTTCATGCGTTTCAAAGTTCGTATGGAAGGTTCCGTTAACGGTCACGAGTTCGAAATCGAAGGTGAAGGTGAA,8899.28652416357
TCTAGAGGCCCGGAACCCCGGGCCAAAAATAAGGAGGTAAAAAATGGCGAGCTCTGAAGACGTTATCAAAGAGTTCATGCGTTTCAAAGTTCGTATGGAAGGTTCCGTTAACGGTCACGAGTTCGAAATCGAAGGTGAAGGTGAA,12439.531361007845
TCTAGAGGGCGATATCGCGCCCAAAAATAAGGAGGTAAAAAATGGCGAGCTCTGAAGACGTTATCAAAGAGTTCATGCGTTTCAAAGTTCGTATGGAAGGTTCCGTTAACGGTCACGAGTTCGAAATCGAAGGTGAAGGTGAA,9501.628862040478
TCTAGAGGGCGATATAACCCGCCCAAAAATAAGGAGGTAAAAAATGGCGAGCTCTGAAGACGTTATCAAAGAGTTCATGCGTTTCAAAGTTCGTATGGAAGGTTCCGTTAACGGTCACGAGTTCGAAATCGAAGGTGAAGGTGAA,11110.22413258984
TCTAGAGGGCATATCGGCCCAAAAATAAGGAGGTAAAAAATGGCGAGCTCTGAAGACGTTATCAAAGAGTTCATGCGTTTCAAAGTTCGTATGGAAGGTTCCGTTAACGGTCACGAGTTCGAAATCGAAGGTGAAGGTGAA,7513.787876910367
TCTAGAGGGCATATAACGGCCCAAAAATAAGGAGGTAAAAAATGGCGAGCTCTGAAGACGTTATCAAAGAGTTCATGCGTTTCAAAGTTCGTATGGAAGGTTCCGTTAACGGTCACGAGTTCGAAATCGAAGGTGAAGGTGAA,6545.552240809583
TCTAGAGGGCATATATAACCGCCCAAAAATAAGGAGGTAAAAAATGGCGAGCTCTGAAGACGTTATCAAAGAGTTCATGCGTTTCAAAGTTCGTATGGAAGGTTCCGTTAACGGTCACGAGTTCGAAATCGAAGGTGAAGGTGAA,9588.975919041717
TCTAGAGGCATATAATAGCCAAAAATAAGGAGGTAAAAAATGGCGAGCTCTGAAGACGTTATCAAAGAGTTCATGCGTTTCAAAGTTCGTATGGAAGGTTCCGTTAACGGTCACGAGTTCGAAATCGAAGGTGAAGGTGAA,6605.452664188351
TCTAGAAAAAAACGCGGCCAACACGCCGCGCGCGCTCGCATCCAACACGATCCGAGCGCGGGCCCGATATCCAACACGATCCGAGCGCGGGCCCGATATCGCGGGCCTCCAGAGCCAGGATATCGCCTCGCTCTGGAAAAATAAGGAGGTAAAAAATGGCGAGCTCTGAAGACGTTATCAAAGAGTTCATGCGTTTCAAAGTTCGTATGGAAGGTTCCGTTAACGGTCACGAGTTCGAAATCGAAGGTGAAGGTGAA,4730.980219409771
TCTAGACTTTTCCCGCCGGATATCGCCGCCGGGAAAATAAGGAGGTAAAAAATGGCGAGCTCTGAAGACGTTATCAAAGAGTTCATGCGTTTCAAAGTTCGTATGGAAGGTTCCGTTAACGGTCACGAGTTCGAAATCGAAGGTGAAGGTGAA,330.83333333333337
TCTAGACTTTTCGATATCGCGAAAATAAGGAGGTAAAAAATGGCGAGCTCTGAAGACGTTATCAAAGAGTTCATGCGTTTCAAAGTTCGTATGGAAGGTTCCGTTAACGGTCACGAGTTCGAAATCGAAGGTGAAGGTGAA,7918.033333333333
TCTAGACTTTTCCCGCCGGATATCGCCGCCGGGAAAAAGACTAAGGAGGTAAAAAATGGCGAGCTCTGAAGACGTTATCAAAGAGTTCATGCGTTTCAAAGTTCGTATGGAAGGTTCCGTTAACGGTCACGAGTTCGAAATCGAAGGTGAAGGTGAA,809.0833333333333
TCTAGACTTTTCCCGCCGGATATCGCCGCCGGGAAAAAGACAGAACAAGTAAGGAGGTAAAAAATGGCGAGCTCTGAAGACGTTATCAAAGAGTTCATGCGTTTCAAAGTTCGTATGGAAGGTTCCGTTAACGGTCACGAGTTCGAAATCGAAGGTGAAGGTGAA,1231.5166666666669
TCTAGACTTTTCCCGCCGGATATCGCCGCCGGGAAAAAGACAGAACAAGAACAAGACTAAGGAGGTAAAAAATGGCGAGCTCTGAAGACGTTATCAAAGAGTTCATGCGTTTCAAAGTTCGTATGGAAGGTTCCGTTAACGGTCACGAGTTCGAAATCGAAGGTGAAGGTGAA,7199.766666666666
TCTAGAATAAGGAGGTAAAAAATGGCGAGCTCTGAAGACGTTATCAAAGAGTTCATGCGTTTCAAAGTTCGTATGGAAGGTTCCGTTAACGGTCACGAGTTCGAAATCGAAGGTGAAGGTGAA,2635.728122605364
TCTAGAAAAAAAAAAAAAAAATAAGGAGGTAAAAAATGGCGAGCTCTGAAGACGTTATCAAAGAGTTCATGCGTTTCAAAGTTCGTATGGAAGGTTCCGTTAACGGTCACGAGTTCGAAATCGAAGGTGAAGGTGAA,7213.036848659004
TCTAGAAAAAAAAAAAAAAAAAAAAAAAAATAAGGAGGTAAAAAATGGCGAGCTCTGAAGACGTTATCAAAGAGTTCATGCGTTTCAAAGTTCGTATGGAAGGTTCCGTTAACGGTCACGAGTTCGAAATCGAAGGTGAAGGTGAA,1970.866676245211
TCTAGAAAAAAAAATAAGGAGGTAAAAAATGGCGAGCTCTGAAGACGTTATCAAAGAGTTCATGCGTTTCAAAGTTCGTATGGAAGGTTCCGTTAACGGTCACGAGTTCGAAATCGAAGGTGAAGGTGAA,18603.9070019
