sequence,rpu,organism,source
TAGACGGATAGCTCAGTACTAGGTACAGTGCTAGC,1.0,synthetic,anderson_augmented
TTTACTCCTAGCTCAGTCCTAGGTATTATGCTAGT,0.7,synthetic,anderson_augmented
TTGACTGCTAGCTCAGTCCTAGGTACTGTGCTAGC,0.86,synthetic,anderson_augmented
CTGATAGCTAGCTCAGTCCTAGGGATTATGCTGGC,0.01,synthetic,anderson_augmented
TTGACAGCTAGCGCAGTCCTAGGTATTGTGCTAGC,0.72,synthetic,anderson_augmented
TTTACGGCTAGCTCCGTCCTAGGTACGATGCTAGT,0.24,synthetic,anderson_augmented
TTTACGGCTACCTCAGTCCTAGGTATAGTGCTAGC,0.47,synthetic,anderson_augmented
TTTACGGCTAGCTCAGCACTAAGTATTATGCTAGC,0.36,synthetic,anderson_augmented
CTGACTTCTAGCTCAGTCCTAGGTATAATGCTAGC,0.51,synthetic,anderson_augmented
TTTACAGCTAGCTCAGGCCTAGAGACTGTGCTAGC,0.04,synthetic,anderson_augmented
TTTACGGATAGCTCAGTCCTAGGTACAATGCTAGT,0.33,synthetic,anderson_augmented
TTGACGGCTAGCACAGTCGTAGGAATAGTGCTAGC,0.58,synthetic,anderson_augmented
CTGATCGCTAGCTCTGTCATAGGGATTATGCTAGC,0.01,synthetic,anderson_augmented
CTGATGGCTAGCTCAGTCCTAGGTATTATACTAGC,0.01,synthetic,anderson_augmented
TTTATGGCTAGCTGAGTGCTAGGTACAATGCTAGC,0.1,synthetic,anderson_augmented
TTTAGAGCTAACTCAGCCCTTGGTACAATGCTAGA,0.15,synthetic,anderson_augmented
TTGACAGCTAGCTCAGTGCTAGGGGCTATGCTAGC,0.16,synthetic,anderson_augmented
TTGCCAGCTAGCTCTGTCCTTGGGATTGTGCTAGC,0.06,synthetic,anderson_augmented
TTGAGGGCTAGCTCAGTACTAGGTATTGTGCTAGC,0.56,synthetic,anderson_augmented
TTGACGGCTAGCTGAGTCCTCGGTACAGTGCCAGC,1.0,synthetic,anderson_augmented
TTTACAGCTAGCTCAGACCTAGGTATTATGCTAGC,0.7,synthetic,anderson_augmented
TTGACAGCTAGCTCAGTCCTAGGTACTGTGCTAGT,0.86,synthetic,anderson_augmented
CTGATAGCTAGCTCAGTCCTAGGCAATTTGCTAGC,0.01,synthetic,anderson_augmented
TTGTCTGCTAGCTCAGTCCTAGGTATTGTGCTAGC,0.72,synthetic,anderson_augmented
TTTAGGGCTATCTCAGTCCTAGGTACTCTGCTAGC,0.24,synthetic,anderson_augmented
TTTACGGCTAGCTCAGACCTAGGTATAGTGCTACC,0.47,synthetic,anderson_augmented
TTTACGGGTAGCTCAGCACTAGGTATTATGCTAGT,0.36,synthetic,anderson_augmented
CTGACAGCTAACTCAGTCCTAGGTATACTGCTAGC,0.51,synthetic,anderson_augmented
TTTACAGCTAGGTCAGGCCTAGGGACTGTGCTTGC,0.04,synthetic,anderson_augmented
TTTACGGCTAGCCCAGTCCTAGGTACAATGCTTGC,0.33,synthetic,anderson_augmented
TTGACGGCTAGCTCAGTCCTAGGTATAGTGCTAGG,0.58,synthetic,anderson_augmented
CTGATAGCTAGCTCAGTCCTCGGGATTATGCTAGC,0.01,synthetic,anderson_augmented
CTGATGGTTAGCTCAGTCCTAGGGATTATGCTAGC,0.01,synthetic,anderson_augmented
TTTGTGGCTAGCTCAATCCTAGGTACAATGCTAGC,0.1,synthetic,anderson_augmented
TTTATGGCTAGCTCAGCCCTTGGTACAATGCTAGC,0.15,synthetic,anderson_augmented
TTGAAAGCTAGCTCAGTCCTAGGGACTATGCTAGA,0.16,synthetic,anderson_augmented
TTGACAGCTACCTCAGCCCTAGGGATTGTGGTAGC,0.06,synthetic,anderson_augmented
TTGACGGCTAGCTCAGTCCTAGGTATTGTGCTAGG,0.56,synthetic,anderson_augmented
TTGACGGCTAGCGCAGTCCGAGGTATAGTGCTAGC,0.58,synthetic,anderson_augmented
TTTACAGCTAGCTCAGTCCTAGGTATTAAGCTAAC,0.7,synthetic,anderson_augmented
TTGATAGCTAGCTCAGTCCTAGGTACTGTGCTAGC,0.86,synthetic,anderson_augmented
CTGATAGCTAGCTCGGTCCTAGGGATTATGCTAGC,0.01,synthetic,anderson_augmented
ATGACAGCTAGCTCAGTCCTAGGTATTGTGCTAGC,0.72,synthetic,anderson_augmented
TTTTAGGCTAGCTCCGTCCTAGGTACTATGCTAGC,0.24,synthetic,anderson_augmented
TTTACGGCTAGCTCAATGCTAGGTATAGTGCAAGC,0.47,synthetic,anderson_augmented
TTTACGGCTAGCTCAACCCTAGGTATAATGATAGC,0.36,synthetic,anderson_augmented
CTGACAGCTAGCTCAGTCCTAGCTATTCTGCTAGC,0.72,synthetic,anderson_augmented
TTTCCACCTAGCTCAGTCCTAGGGAATGTGCTAGC,0.04,synthetic,anderson_augmented
TTTACGGCTAGCACAGTCCTAGGTACAATGCTAGC,0.33,synthetic,anderson_augmented
TTGACGGCCAGCTCAGTCCTAGGTATATAGCTAGC,0.58,synthetic,anderson_augmented
CTGACAGCTAGCTCAGTCCTAGGGATTATGCTAGC,0.01,synthetic,anderson_augmented
CTGTTGACTAGCTCAGTCCTAGGGATTATGCTAGA,0.01,synthetic,anderson_augmented
TTTATGGCTAGCTCAGTCCTAGGTACCATGCTAGC,0.1,synthetic,anderson_augmented
TTTATAGCTAGCTAAGCCCTTGGTAAAATGCTAGC,0.15,synthetic,anderson_augmented
CTGACAGCTAGCTCAGTCCTAGGGCCTATGCTAGC,0.16,synthetic,anderson_augmented
TTGACAGCTAGCTCAGTCCTAGGGATTATGCAAGC,0.16,synthetic,anderson_augmented
TTGGCGGCTAGCTGAGTCCTAGGTATTGTGCTAGC,0.56,synthetic,anderson_augmented
TTGGCGGCTAGCTCAGTCCTGGGTACAGTGATAGC,1.0,synthetic,anderson_augmented
TTTACAGCTAGCTCAGTCCTAGGTATTATGCTTGC,0.7,synthetic,anderson_augmented
TTGAGAGCTAGCTCAGTCCTAGGTACTGTGCTAGC,0.86,synthetic,anderson_augmented
CTGATAGCTAGCTCATTCCTAGGGATTATGCTAGC,0.01,synthetic,anderson_augmented
TTGACAGCTAGCTCACTCCTAGGTATTGTGCTAGC,0.72,synthetic,anderson_augmented
TTGACCGCTAGCTCAGTCCTAGGTACGATGCTAGC,1.0,synthetic,anderson_augmented
TTTACGGCTAGCTTAGGCCTGGGTATAGTGCTAGC,0.47,synthetic,anderson_augmented
TTTACGGCTAGCTCAGTCCTAGGTATTATGCTAGC,0.7,synthetic,anderson_augmented
CTGACAGCTAGCTCAGTCCCAGGTATAATGCTAGC,0.51,synthetic,anderson_augmented
GTTATAGCTAGCTCAGTCCTAGGGACTGTGCTAGC,0.04,synthetic,anderson_augmented
TTTAGGACTAGCTCAGTCCTAGGTACAATGCTAGT,0.33,synthetic,anderson_augmented
TTGACGGCTAGCTCAGTCCTAGATATAGTGCTAGC,0.58,synthetic,anderson_augmented
CTGATAGCTAGCTCAGTCCTAGGTATTATGCTAGC,0.01,synthetic,anderson_augmented
CTGATGGCTAGCTCAGTCCTAGGGATTAGGCTAGC,0.01,synthetic,anderson_augmented
CTTATGGCTAGCTCAGTCCGAGGTACAATGCTACC,0.1,synthetic,anderson_augmented
TTTATAACAAGCTCAGGCCTTGGTACAATGCTAGC,0.15,synthetic,anderson_augmented
TTGACAGCTGGCTCAGTAGTAGGGACTATGCTAGC,0.16,synthetic,anderson_augmented
TTGACAGCTAGCTGAGCCCTAGGGATTGTGCTAGC,0.06,synthetic,anderson_augmented
TTGGCTGCTAGCTCAGTCCTAGGTATTGTGCTAGC,0.72,synthetic,anderson_augmented
ATTACGGCTAGCTCAGTCCTAGGTACAGTGCTAGC,1.0,synthetic,anderson_augmented
TTTACAGCTACCTCAGGCCTAGGTATTACGCTAGC,0.7,synthetic,anderson_augmented
GTGAGAGATAGCTCAGTCCTAGGTACTGTGCTAGC,0.86,synthetic,anderson_augmented
CTGATAGCTAGCTCAGTCCTAGGCATTATGCTAGC,0.01,synthetic,anderson_augmented
TTGACAGCCTGCTCAGTCCTAGGTATTTTGCTAGC,0.72,synthetic,anderson_augmented
TTTACGGCTAGCTCAGTCCTAGATACTATGCTAGC,0.24,synthetic,anderson_augmented
TTTACGTCTAGCTCACTCCTAGCTATAGTGCTAGC,0.47,synthetic,anderson_augmented
TTTACGGCTTACTCATCCCTAGGTATTATGCTAGC,0.36,synthetic,anderson_augmented
CTGACAGCTAGCTCAGTCCTATGTATAATGCTAGC,0.51,synthetic,anderson_augmented
TTTACAGCTATCTCACTACTAGGGACTGTGCTAGC,0.04,synthetic,anderson_augmented
TTTACGGCTAGCTCAGTCCTAGGTACAATGATAGC,0.33,synthetic,anderson_augmented
TTGACGGCTAGCTCAGTCCTAGGTATAGTTCTAGC,0.58,synthetic,anderson_augmented
CAGATAGCTAGCTCGGTCCTAGGGATTATGCTAGC,0.01,synthetic,anderson_augmented
CTGATGGCTAGCTCAGTTCTAAGGATTATGCTAGC,0.01,synthetic,anderson_augmented
TTTATGGCTAGCTCAGTCCTAGGTAGAATGCTGGC,0.1,synthetic,anderson_augmented
TCTATAGATAGCTCAGCCCTTGGTACAATGCTAGC,0.15,synthetic,anderson_augmented
TTTACATCTAGCTCAGGCCTAGGGACTATGCTAGC,0.04,synthetic,anderson_augmented
TTGACAGCTAGCTCAGTCCTTGGGATTTTGCTGGC,0.06,synthetic,anderson_augmented
TTGACGGCTAGCTCAGACCTAGGTATTGTGCTAGC,0.56,synthetic,anderson_augmented
GTGACGGCTAGCTCAGTCCTAGGTACACTGCTACC,1.0,synthetic,anderson_augmented
TTTACAGCTAGCACAGTCCTAGGGATTCTGCTAGC,0.7,synthetic,anderson_augmented
TTGACAGTTAGCTCAGTCCGGGGTACTGTGCTAGC,0.86,synthetic,anderson_augmented
CTGATAGCTAGCTCAGTCCTGGGGACTATGCTAGC,0.01,synthetic,anderson_augmented
TTGACAGCGAGCCCAGTCCTAGGTATGGTGCTAGC,0.72,synthetic,anderson_augmented
TTTACGGCTAGGTCAGTCCAAGGTATTATGCTAGC,0.7,synthetic,anderson_augmented
TTTACGGCTAGCTGAGTCCTAGGTATACTGCTAGC,0.47,synthetic,anderson_augmented
TTTACGGCTAGCTCAGCCCTCGGTATTAACCTAGC,0.36,synthetic,anderson_augmented
CTGACGGCTACCTCAGTCCTAGGTATAATGTTAGC,0.51,synthetic,anderson_augmented
TTTACCGCTAGCTCAATCCTACGGACTGTGCTAGC,0.04,synthetic,anderson_augmented
TTTACGGCTTGCTCAGTCCTAGGTACAATGCTAGC,0.33,synthetic,anderson_augmented
TTGACGGCTAGCTCATTCCTAGGTATAGTGCTAGC,0.58,synthetic,anderson_augmented
CTGAGAGCTAGCTCAGTCCTAGGGATAATCCTAGC,0.01,synthetic,anderson_augmented
CTGATGGCTAGCTCAGTCCTAGGGTGTATGCAAGC,0.01,synthetic,anderson_augmented
ATTATGACTAGCTCAGTCCTAGGTACAGTGCTAGC,0.1,synthetic,anderson_augmented
TTTCTAGCTAGCTCAACCCTTGGTACAATACTAGC,0.15,synthetic,anderson_augmented
TTGACAGCTAGCTCAGTCCTGGGGACTATGCTATC,0.16,synthetic,anderson_augmented
TTGACAGCTAGCTCAGTCCTAGGGATTCCGCTTGC,0.06,synthetic,anderson_augmented
TTGACGGCTAGCTCATGCCTAGGTATTGTGCTAGC,0.56,synthetic,anderson_augmented
TTGACGGCTAGCTCAATGCTAGGTACAGTGCCAGC,1.0,synthetic,anderson_augmented
TTTACAGCTAGCTCATTTCTAGGTATTATGCTAGC,0.7,synthetic,anderson_augmented
TTGACTGCCGGCTCAGTCCTAGGTACTGTGCTAGC,0.86,synthetic,anderson_augmented
CTGATAGCTAGCTAAGTCCTAGGGATTATGCTAGC,0.01,synthetic,anderson_augmented
TTGACAGCTAGCTCAGTCCTATGTATGGTGCTAGC,0.72,synthetic,anderson_augmented
TTTCCGGCTAGCTTAGTCCTAGGTACTATGCTAGC,0.24,synthetic,anderson_augmented
TATACGGCTAGCTCAGTCCTAGGTCTAGTGTTAGC,0.47,synthetic,anderson_augmented
TTTACGGCTAGCTCAGCCCTAGGTATGATGCTAGG,0.36,synthetic,anderson_augmented
CTGACAGCTAGCTCCGTACTAGGTATAATGCCAGC,0.51,synthetic,anderson_augmented
TTTACAGCTAGCTCAGTCCTACGGAATGTGCTAGC,0.04,synthetic,anderson_augmented
TTTACGGCAAGCTCAGTCCTAGGTACAATGCTAGT,0.33,synthetic,anderson_augmented
TAGACTGCTAGCTCAGTCCTAGGTATAATGCTAGC,0.51,synthetic,anderson_augmented
CTGATAGCTAGCTCAGCCCTAGGGATTATGCTAGC,0.01,synthetic,anderson_augmented
CTGATGGCTAGCTTAGTCCTAGGGATTATTCTAGC,0.01,synthetic,anderson_augmented
TTTATGGCTAGCTCAGTTCTAGGTACTATGCTAGC,0.24,synthetic,anderson_augmented
TATATAGCTAGCTCAGCCCTTGGTACAATGCTAGT,0.15,synthetic,anderson_augmented
TTGAGAGCTAGCTCAGTCCTAGGGACTATGCTAGC,0.16,synthetic,anderson_augmented
TAGACAGCTAGCTCAGTCCTAGGGATTGTGCTAGC,0.06,synthetic,anderson_augmented
TGGACGGCTAGCTCAGTCCTAGGTATTGTGCTAGC,0.56,synthetic,anderson_augmented
TTGACGGCTAGCTCAATCCTAGGTACAGTGCTAGC,1.0,synthetic,anderson_augmented
TTTACAGTTAGCTGAGTCCTAGGTATTATGCTAGC,0.7,synthetic,anderson_augmented
TTGACAGCTACCTCAGTCCTAGGGACTGTGCTAGC,0.86,synthetic,anderson_augmented
CTGATAGATACCTCAGTCCAAGGGATTATGCTAGC,0.01,synthetic,anderson_augmented
TTGACAGCTAGCTCAGTCCTAGGTGATGTGCTAGC,0.86,synthetic,anderson_augmented
TTTACGGCTAGCTCAATCCTAGGTACTATGCTAGC,0.24,synthetic,anderson_augmented
TTCACGGGTAGCTCAGTCCCAGGTATAGTGCTAGC,0.47,synthetic,anderson_augmented
TTTATGGCTAGCTCAGCCCTAGGGATTATGCTTGC,0.36,synthetic,anderson_augmented
CTGACATCTAGCTCAGTCCTAGGTATAATGCCAGC,0.51,synthetic,anderson_augmented
TTTACAGCTGGCTCAGTCCTAGGGACTCTACTAGC,0.04,synthetic,anderson_augmented
TTTACGGCTAGCTCAGTTCTAGGTACAATGGTAGT,0.33,synthetic,anderson_augmented
TTGACGGCTAGCTCATTACTCGGTATAGTGCTAGC,0.58,synthetic,anderson_augmented
CTGATAGCTAGCTCAGTCCTAGGGATTATCCTAGC,0.01,synthetic,anderson_augmented
CAGATGGCTAGCTCAGTCCTATGGCTTATGCTAGC,0.01,synthetic,anderson_augmented
TTTATGGCTAGCTTAGTCCTAGTTACAATGCTAGC,0.1,synthetic,anderson_augmented
ATTATAGCTAGCTCAGCGCTTGGTACAATGCTAGC,0.15,synthetic,anderson_augmented
TTGACAGCTAGCTCACTCCTAGGGACTATGCTAGC,0.16,synthetic,anderson_augmented
TTGACAGCTAGCTCATTCCTAGGGATTGTGCGAGC,0.06,synthetic,anderson_augmented
TAGACGGCTAGCTCAGTCCTAGGTATTGCGCAAGC,0.56,synthetic,anderson_augmented
TTGACGGCTAGCTCACTCCGAGGTACAGTGCTAGC,1.0,synthetic,anderson_augmented
TTTACAGCTAGCTCAGTCCTAGGTATTATGTTATC,0.7,synthetic,anderson_augmented
TTGACAGCTAGCTCAGTCCTATTTACTGTTCTAGC,0.86,synthetic,anderson_augmented
CTGATAGGTAGCTCAGTCCTAGGGATTATGCTAGC,0.01,synthetic,anderson_augmented
TTGACAGCTAGCTCAGTCCTTGGTATTGTGCTAGC,0.72,synthetic,anderson_augmented
TTTACGGCTAGGCCAGTCCTAGGTACTATGCTAGA,0.24,synthetic,anderson_augmented
TTTACGGCTAGCTCAGTCATAGGTATAGTGCTAAC,0.47,synthetic,anderson_augmented
TTTACGGCTAGCTCTGCCCTAGGCATTATGCTAGC,0.36,synthetic,anderson_augmented
CTGACAGCTAGCTCAGTCCTAGGTATAATGCTAGA,0.51,synthetic,anderson_augmented
TTGCCAGCTAGCTCAGTCCTAGGGACTGTGCTAGC,0.86,synthetic,anderson_augmented
TTTACGTCAAGCTCAGTCCTAGGTACAATGCGAGC,0.33,synthetic,anderson_augmented
TTGACGGCTAGCTCAGTCCTAGGTATAGAGTTAGC,0.58,synthetic,anderson_augmented
CTGATAGCTAGCTCAGCCCTAGGGATTATGCTAGC,0.01,synthetic,anderson_augmented
CTGACGGCTAGCTCAGTCCTAGGGATTATGCTAGC,0.01,synthetic,anderson_augmented
TTTTAGGCTAGCTCAGTCCTAGGTACAATGCTAGC,0.33,synthetic,anderson_augmented
TTTATGGCTAGCTCATCCCATGGTACAATGCTAGC,0.15,synthetic,anderson_augmented
TTGACAGCTAGCTCCGTCCTAGGGCCTATGCTATC,0.16,synthetic,anderson_augmented
TTGTCAGCTAGCTCAGTCCGAGGGATTCTGCTAGC,0.06,synthetic,anderson_augmented
TTGACGGCTAGCTTAGTCCTAGGTATTGTGCTAGC,0.56,synthetic,anderson_augmented
TTGACAGCTACCTCAATCCTAGGTACAGTGCTAGC,1.0,synthetic,anderson_augmented
CTTACAGCTAGCTCAGTCCTAGGTATTATGCTAGC,0.7,synthetic,anderson_augmented
TTGACAGCTAGCTCAGTCATAGGTACTGTGATAGC,0.86,synthetic,anderson_augmented
CTGATAGCTAGCTCAGTCATAGGGATTATCCTAGC,0.01,synthetic,anderson_augmented
TTGACAGCTAGCTCAGGCCTAGGTATTGTGCTAGC,0.72,synthetic,anderson_augmented
TTTACGGGTAGCGCAGTCCTAGGTACTTTGCTAGC,0.24,synthetic,anderson_augmented
TTTACGGCTAGCTCAGTACTAGGTATAGTGCTAGC,0.47,synthetic,anderson_augmented
TTTTCGGCTAGCTCAGCCCTAGGTATTATGCTAGC,0.36,synthetic,anderson_augmented
CTGACAGCTAGCTCAGTCATAGGTATAACGCTAGC,0.51,synthetic,anderson_augmented
TTTACAGCTAGCTCAGTTCGAGGGAGTGTGCTAGC,0.04,synthetic,anderson_augmented
TTGACTGCTAGCTCAGTCCTAGGTACAATGCTAGC,1.0,synthetic,anderson_augmented
TAGACGGCTAGCTCAGACCTAGGTATAGTGCTAGC,0.58,synthetic,anderson_augmented
CACATAGCTAGCTCAGTTCTAGGGATTATGCTAGC,0.01,synthetic,anderson_augmented
CTGATGGCTAGGTCAGTTCTAGGGATTAGGCTAGC,0.01,synthetic,anderson_augmented
TTTATTGCTAGCTCAGTCCTAGGTACAATGTTAGC,0.1,synthetic,anderson_augmented
TTTATATCTAGCTCAGCCCTAGGTACAATGCTAGC,0.15,synthetic,anderson_augmented
TTGACAGCTAGCTCAGTCTTAGGGACTATGCGAGC,0.16,synthetic,anderson_augmented
TTTACCGCTAGCTCAGTCCTAGGGATTGTTCTAGC,0.04,synthetic,anderson_augmented
TTGACGGCTAGCTCAGTCCTAGGTAGTGTGCTAGC,0.56,synthetic,anderson_augmented
TTGACGGCTAGCTCAGTCCTAGGTACAGTGCTAGT,1.0,synthetic,anderson_augmented
TTTGCAGCTAGCCCAGTCCTAGGTATTATGCTAGC,0.7,synthetic,anderson_augmented
TTGGCAGCTAGCTCAGTCCTAGGTACTGCGCAAGC,0.86,synthetic,anderson_augmented
CTGATAGCTAGCTCAGTCTTAGGGATTATGCTAGC,0.01,synthetic,anderson_augmented
TAGACAGGTAGCTCAGTCCTAGGTATTGTGCGAGC,0.72,synthetic,anderson_augmented
ATTACGGCTACCTCAGTCCCAGGTACTATGCTAGC,0.24,synthetic,anderson_augmented
TTTACGGTTAGCTCAGTCCTAGGTATAGTGCTAGC,0.47,synthetic,anderson_augmented
TTTACGGCTCGCTCAGCCCTAGGTATTATGCTAGC,0.36,synthetic,anderson_augmented
CTGACAGCTAGCTCAGTTTTAGGTATAATGCTCGC,0.51,synthetic,anderson_augmented
TTTACAGCTAGCTCAGTCCTAGGGACTGTCCTAGC,0.04,synthetic,anderson_augmented
TTTACGGCTAGCTCAGTCCTAGGTTCAATGCTAGC,0.33,synthetic,anderson_augmented
TTGATGGCCAGCTCAGTCCTAGGTATAGTGCTCGC,0.58,synthetic,anderson_augmented
TTGATAGCTAGCTCAGTGGTAGGGATTATGCTAGC,0.01,synthetic,anderson_augmented
CTGATGGCTCGCTCAGTCCTAGGGATTACGCGAGC,0.01,synthetic,anderson_augmented
TTTATGGCTAGCTCAGTCCTAGGTCCAATGCTAGT,0.1,synthetic,anderson_augmented
TTTATAGCTAGCTCACCCCTTGGTACAATGCTAGC,0.15,synthetic,anderson_augmented
TTGACAGCTAGCTCTGTCCTAGGGACCATGCTAGC,0.16,synthetic,anderson_augmented
TTGACAGCTTGCTCAGTCCTAGGGTTTGTGTTAGC,0.06,synthetic,anderson_augmented
TTGACGCCTAGCTCAGTCCTAAGTATTGCGCTAGC,0.56,synthetic,anderson_augmented
TTGACGGCTCGCTCAGTCCTAGGTACAGTGCTAGC,1.0,synthetic,anderson_augmented
TTTATAGCTCGCTCAGTCCTAGGTATTATGGTAGC,0.7,synthetic,anderson_augmented
TTGACGGCTAGCTCAGTCCTATGTAGTGTGCTAGC,0.56,synthetic,anderson_augmented
CTGATAGCTAGCTCAGTCCTAGGGATTATGCAAGG,0.01,synthetic,anderson_augmented
TTGACAGCTAGCTCACTCCTAGGTATTGTGCTAGC,0.72,synthetic,anderson_augmented
TTTACCGCTAGCTCTGTCTTAGGTACTATGCTAGC,0.24,synthetic,anderson_augmented
TTTACGCCTAACTCAGTCCTAGGTATAGCGCTAGC,0.47,synthetic,anderson_augmented
TTTACGGCTAGCTCAGCCCTTGGTATTATGCTAGC,0.36,synthetic,anderson_augmented
CTGACAGCTAGCTCAGTCCTAGTAATAATGCTAGC,0.51,synthetic,anderson_augmented
TTTACAGCTAGCTCAGTCCTAGGGACTGTGCTATC,0.04,synthetic,anderson_augmented
TTTACCGCTATGTCAGTCCTAGGTACAATGCTAGC,0.33,synthetic,anderson_augmented
TTGACGGCTGGCTCAATCCTAGGTATAGTGCCAGC,0.58,synthetic,anderson_augmented
CTGATAGCTAGCTCAGACCTAGGGATTATCCTAGC,0.01,synthetic,anderson_augmented
CTGATGGCTAGCTCAGTCATAGGGATTATGCTAGA,0.01,synthetic,anderson_augmented
TTTATGGCTAGCTCAGTCCCAGCTACAATGCTAGC,0.1,synthetic,anderson_augmented
TTTATAGCTAGCTCAGACCCTGGTACAATTCTAGC,0.15,synthetic,anderson_augmented
TTGACAGCTAGCTCATTCCTAGGGACTATGCTAGC,0.16,synthetic,anderson_augmented
TCGACAGCTAGCTCAGTCTTAGCGATTGTGCTAGC,0.06,synthetic,anderson_augmented
TTGGCGGCTAGCTCAGTCCTAGGTATTGTGCTAGC,0.56,synthetic,anderson_augmented
TTGACGGCTAGCTCTGTCTTAGGTACAGTGCGAGC,1.0,synthetic,anderson_augmented
TTTACAGCGAGCGCAGACCTAGGTATTATGCTAGC,0.7,synthetic,anderson_augmented
TTAACAGCTAGCTCAGTCCGAGGTACTGCGCTAGC,0.86,synthetic,anderson_augmented
CTGATGGCCAGCTCAGTCTTAGGGATTATGCTAGC,0.01,synthetic,anderson_augmented
TTGACAGCTAGCACAGTCCTAGGTATTGTGCTAGC,0.72,synthetic,anderson_augmented
TTTACGGCTAGCTCAGTCCTAGGCACTATGCTCAC,0.24,synthetic,anderson_augmented
TTTACGGCTAGCTCAGTCATATGTATAGTGCTAGC,0.47,synthetic,anderson_augmented
TTTACGGCTTGCTCAGCCCTAGGTATTATGCTAGC,0.36,synthetic,anderson_augmented
CTGACCGCTAGCTCAGTCCTAGGAACAATGCTAGC,0.51,synthetic,anderson_augmented
TTTACAGGTAGCTCAGTCCTAGGCACTGTCCTAGC,0.04,synthetic,anderson_augmented
TTTACGGCTAGCTCAGTCCTAGGGTCAATGCTAGC,0.33,synthetic,anderson_augmented
TTGACGGCTAGCTCAGTCCTAGGTATAGTGATAGC,0.58,synthetic,anderson_augmented
CTGAGAGCTAGCTCCGTCCTGGGGATTATGCTAGC,0.01,synthetic,anderson_augmented
CTGATGGATAGCTCAGTCCTAGGGATAATGCTAGC,0.01,synthetic,anderson_augmented
TTTATGGCTAGCTCAGTCCCAGGTACAATGCTAGC,0.1,synthetic,anderson_augmented
TTTATAACTAGCTCAGCCCTTGGTACAATGCTAGC,0.15,synthetic,anderson_augmented
TTGACAGCCAGCTCAGTCCTAGGGGCTATCCTAGC,0.16,synthetic,anderson_augmented
TTGACAGCTTGCTCAGTCCTAGGGATGGTGCTAGT,0.06,synthetic,anderson_augmented
TTGACGGCTAGCTCAGTGCTAGGTATAGTGCTAGC,0.58,synthetic,anderson_augmented
TTGACGGCTAGCTTAGTCCTAGGTACAGAGCTAGC,1.0,synthetic,anderson_augmented
TTTACACCTAGCTCAGTCCTAGGGATTATGCTAGC,0.7,synthetic,anderson_augmented
TTGCCAGCTAGCTCAGTCCTAGGTAATGTGCTAGC,0.86,synthetic,anderson_augmented
CTGATAGCTAGCTCAGTCCTAGGGATTATACTAGC,0.01,synthetic,anderson_augmented
TAGTCAGCTAGCTTAGTCCTAGGTATTGTGCTAGC,0.72,synthetic,anderson_augmented
TTTAAGGCTAGCTTGGTCCTAGGTACTATGCTAGC,0.24,synthetic,anderson_augmented
TTTACGGCTAGCTCAGTACTAGGTATAGTGCTAGC,0.47,synthetic,anderson_augmented
TTTACGGCTAGCTCAGCCCTAGGTATTATGCTAGT,0.36,synthetic,anderson_augmented
CTGACAGGTAGCTCAGTCCTAGGTATAATGCTAGC,0.51,synthetic,anderson_augmented
TTTACAGCAAGCTCAGTCCTAGGGACTGTGCTAGC,0.04,synthetic,anderson_augmented
TTTACGGCTAGCTCAATCCTTGGTACAATGCTAGC,0.33,synthetic,anderson_augmented
TTGGCGGCCAGCTCAGTCCTAGGTATAGTGCTAGC,0.58,synthetic,anderson_augmented
CTGACAGTTAGCTCAGTCCTAGGGATTATGGTAGC,0.01,synthetic,anderson_augmented
CTGATGACTAGCTCAGTCCTAGGGATTAGGCTTGC,0.01,synthetic,anderson_augmented
TTTATGGCTAGCTCAGTCCAAGGTACAATACTACC,0.1,synthetic,anderson_augmented
TTTATAGCTAGCTCAGCCCTTGGTAGATTGCTAGC,0.15,synthetic,anderson_augmented
TTGATAGCTAGCTCAGTCCTAGGGACTAAGCTAGC,0.16,synthetic,anderson_augmented
TTGAGAGCGCGCTCAGTCCTAGGGATTGTGCTAGC,0.06,synthetic,anderson_augmented
TTGACGGCTAGCTCAGTCCTCGGTCTTGTGCTACC,0.56,synthetic,anderson_augmented
TTGACGCGTAGCTCAGTCCTAGGTACACTGCTAGC,1.0,synthetic,anderson_augmented
TTTACAGCTAGCTAAGTCCTAGGTATTCCGCTAGC,0.7,synthetic,anderson_augmented
TTGACAGCTAGCTCAGTCCTAGGTAGAGTGCTAGC,1.0,synthetic,anderson_augmented
CTGATAGCTAGCTCAGTCCTCGGGATTGTGCTAGC,0.01,synthetic,anderson_augmented
TTGACAGCTTGCTCAGTCCTAGGTATTGTGATAGC,0.72,synthetic,anderson_augmented
TTTACTGCTAGCTCAGTCCTAGGTACTATGCTAGC,0.24,synthetic,anderson_augmented
TTTACGGCTAGCTCAGTCCTAGGAATAGTGCTAGC,0.47,synthetic,anderson_augmented
TTTCCGGGTAGCTCAGCCCTATGTATTATGCTAGC,0.36,synthetic,anderson_augmented
CTGGCAGCTAGCTCAGTCTTAGGTATAATGCTAGC,0.51,synthetic,anderson_augmented
TTTACAACTAGCTCAGTCCTAGGGACTGTGCTTGC,0.04,synthetic,anderson_augmented
TTTACGTCTAGCTCGGTCCTAGGTACAATGTTAGC,0.33,synthetic,anderson_augmented
TTGACGGCTAGCTCAGTGCTAGGTATAGTGCTAGC,0.58,synthetic,anderson_augmented
CTGATAGCTAGCTCAGTCCTAGGGATTGTGCTAGC,0.01,synthetic,anderson_augmented
CCGATGGCTAGTTCAGTGCTAGGGATTATGCTAGC,0.01,synthetic,anderson_augmented
ATTATGGCTAGCTCAGTCCTAGATACAATGCTAGC,0.1,synthetic,anderson_augmented
TTTAGAGCTTGCTCAGCCCTTGGTAGAATGCTAGC,0.15,synthetic,anderson_augmented
TTGACAGCTAGCTCAGTCCTAGGGACTATGCTAAC,0.16,synthetic,anderson_augmented
TTGACAGCTAGCTCAGTCCTAGGGATCGTACTAGC,0.06,synthetic,anderson_augmented
TTGACGGCTAGCTCAGTCCGGGGTATTGTGCTAGC,0.56,synthetic,anderson_augmented
TTGTCGGCTAGCTCAGTCCTAGGTACAGTGCTAGC,1.0,synthetic,anderson_augmented
TTTGCAGCTAGCTCAGTCCTAGGTATTATGCTAGC,0.7,synthetic,anderson_augmented
TTGACAGCTAGCTCAGTTCTAGGTACTGTGCTAGC,0.86,synthetic,anderson_augmented
CTGATAGCTAGCTCAGTCCTAGGGATTCAGCCAGC,0.01,synthetic,anderson_augmented
TTGACAGATAGCTCAGTCCTAGTTATTCTGCTAGC,0.72,synthetic,anderson_augmented
TTTACGGCTAGCTCAGTCCCAGGTACTATGCAAAC,0.24,synthetic,anderson_augmented
ATTCCGGCTAGCTAAGTCCTAGGTATAGTGCTAGC,0.47,synthetic,anderson_augmented
TTTACGGCTAGCTCAGCCATTGGTATTATGCTAGC,0.36,synthetic,anderson_augmented
CTGACAGCTAGTTCAGTCCTAGGTATATTGCTAGC,0.51,synthetic,anderson_augmented
TTTACAGCTAGCTCTGTCCTAGCGACTGTGCTCGC,0.04,synthetic,anderson_augmented
TTTACGGCTAGCTCAGTCCTAGGTACATTGCTAGC,0.33,synthetic,anderson_augmented
TTGAGGGCTAGCTCAGTCCTCGGTATAGTGCTAGC,0.58,synthetic,anderson_augmented
CTGATAGCTAGCTCAGTCATAGGGAACATGCTAGC,0.01,synthetic,anderson_augmented
CTGATGGCTACCTCAGTCCTAGGGATTATTCTAGC,0.01,synthetic,anderson_augmented
TTTATGGCTAGCTCAGTCCTAGGTACATTGCTAGC,0.1,synthetic,anderson_augmented
TTTATAGCTAGCTCAGCCCTTGGTACAGTGCTAGC,0.15,synthetic,anderson_augmented
TTGACCGCTAGCTCAGTCCTAGGGACTATGCTATC,0.16,synthetic,anderson_augmented
TTGACAGCTACCTCGGTCCTAAGGATTGTGCTAGC,0.06,synthetic,anderson_augmented
TTGACGGCTAGCTCAGTCCTAGGTATTGTGCTACC,0.56,synthetic,anderson_augmented
TTGACGGCTAGCTCAGTCCTAGTTACAGTGCTAGC,1.0,synthetic,anderson_augmented
TTTACAACTTGCTCATTCCTAGGTATTATGCTAGC,0.7,synthetic,anderson_augmented
TTGACAGCTGGCTCAGTCCTAGGTACTGTGCTAGC,0.86,synthetic,anderson_augmented
CTGATAGCTAGGTCAGTCCTAGGGATTATGCTAGC,0.01,synthetic,anderson_augmented
TTGACAGCTAGCTCAGTCCTAGGTATTGGCCTAGC,0.72,synthetic,anderson_augmented
TTTACGGCTCGCTCAGTCCTTGGTACTACGCTAGC,0.24,synthetic,anderson_augmented
TTTTCGGCTAGCTCAGTGCCAGGTATAGTGCTAGC,0.47,synthetic,anderson_augmented
TTTACGGCTAGCTCAGCCCTAGGTATTAAACTAGC,0.36,synthetic,anderson_augmented
CTGAAAGCTAGCTCAGTCGTAGGTATAATGCTAGC,0.51,synthetic,anderson_augmented
TTTACAGCTAGCTCAGTCCTAGGGGCTGTCCTGGC,0.04,synthetic,anderson_augmented
TTTACGGCTAGCTCAGTCCTAGGTACAAGGCTAGC,0.33,synthetic,anderson_augmented
TTGACGGCTAGCGCAGTCCTTGGTATAGTGATAGC,0.58,synthetic,anderson_augmented
CTGATACCTAGCTCAGTCCTAAGGATTATGCTAGC,0.01,synthetic,anderson_augmented
CTTATGGCTAGGTCATTCCTAGGGATTATGCTAGC,0.01,synthetic,anderson_augmented
TTTATGGCTATCTCAGTCCTAGGCACAATGCTATC,0.1,synthetic,anderson_augmented
TTTGTAGCTAGCTCAGCCCTTCGTACAATGCTAGC,0.15,synthetic,anderson_augmented
TTGAAAGCTAGCTCAGTCCTACGGACTATGCTAGC,0.16,synthetic,anderson_augmented
TTGACAGCTAGCTCAGGCGTAGGGGTTGTGCTAGC,0.06,synthetic,anderson_augmented
TTGACGGCTAGCTCAGTCCTAAGTATTGTGCTAGC,0.56,synthetic,anderson_augmented
TTGACGGCTGGCTCAGTCCGAGCTACAGTGCTAGC,1.0,synthetic,anderson_augmented
TTTACGGCCAGCTCAGTCCTAGGTATTATGCTAGC,0.7,synthetic,anderson_augmented
TTGACAGCGAGCTCAGTCCTACGTACTGTGCTAGC,0.86,synthetic,anderson_augmented
CTGATCGCTAGCTCAGTCCTAGGGATTTTGCTACC,0.01,synthetic,anderson_augmented
TTGACAGCTAGTTCAGTCCAAGGTATTGTGCTAGC,0.72,synthetic,anderson_augmented
TTTACGGCTAGCACTGTCCTAGGTACTATGCTAGC,0.24,synthetic,anderson_augmented
TTTACGGCTAGCTCAGTCATAGGTATAGTGCTAGC,0.47,synthetic,anderson_augmented
TTGACGGCTAGCTCAGCCCTAGGTATTATGCTATG,0.36,synthetic,anderson_augmented
CTGACAGCTAGCTCAGTCCTAGGTTTAATGCTAGC,0.51,synthetic,anderson_augmented
TTTACAGCTAGGTCAGTCCTAGGGACTGTGCTAGC,0.04,synthetic,anderson_augmented
TTGACGGCTATCTCAGTCCTAGGTACAACGCTAGC,1.0,synthetic,anderson_augmented
TTGACGGCTAGCTCACTCATAGGTATAGCGCTAGC,0.58,synthetic,anderson_augmented
CTGATAGCTAGCTCAATCCCAGGGATTATGGTAGC,0.01,synthetic,anderson_augmented
CTGATGGCTAGCTCAGTCGTAGGGATTACCCTAGC,0.01,synthetic,anderson_augmented
TTTATGGCTACCACAGTCCTAGGTACAATGCTAGC,0.1,synthetic,anderson_augmented
TTTCTAGCTAGCTCAGCCCTTGGTACAATGGTAGC,0.15,synthetic,anderson_augmented
TTGACAGCTAGCTCAGTCCTAGGGACTATGCTAAC,0.16,synthetic,anderson_augmented
TTGACCGCTATCTCAGTCCTAGGGATTGTGCTAGC,0.06,synthetic,anderson_augmented
TTGACTGCTTGCTCAGTCCTAGGTATTTTGCTAGC,0.72,synthetic,anderson_augmented
TTGACGGCTAGCTCAGTCCTAGGTACTGTGCTAGC,1.0,synthetic,anderson_augmented
TTTACAGCTAGCTCAGTCCTAGGCATTATGCTTGC,0.7,synthetic,anderson_augmented
TTGACAGCTAGCTCAGTCCTAGGAACTGTGCTAGC,0.86,synthetic,anderson_augmented
CTGATAGCTAGCTCAGTCCTTGGGATTATGCTAGC,0.01,synthetic,anderson_augmented
TTGACAGCCCGCTCAGTCCTAAGTATTGTGCTAGC,0.72,synthetic,anderson_augmented
TTTACGGCGAGCTCAGTCCTAGGTACTAAGATAGC,0.24,synthetic,anderson_augmented
TTTACGGCTAGCTCAGACCTAGGTATAGTGCTAGC,0.47,synthetic,anderson_augmented
TTTACGGCTAGCTCAGCCCTAGGTATTATGCTATC,0.36,synthetic,anderson_augmented
CTGACAGCTAGCTCAGTCATAGGTATAATGCTAGC,0.51,synthetic,anderson_augmented
TTTCCAGATAGCTCAGTCCTAGGGACTGTGCTAGC,0.04,synthetic,anderson_augmented
TTTAGGGGTAGCTCAGTCCTAGGTACAATTCTAGC,0.33,synthetic,anderson_augmented
TTGACGGCTAGCTCAGTCCTAGGTATAGTGCTGGC,0.58,synthetic,anderson_augmented
CTGATAGCTCGCTCAGTCCTAGGGATTATGCTAGC,0.01,synthetic,anderson_augmented
ATGATGGCTAGCTCAGTCCTAGCGATTATGCTAGC,0.01,synthetic,anderson_augmented
TTTATTGCTAGGTCAGTCCTAGGTACAATGCTAGC,0.1,synthetic,anderson_augmented
TTTATAGCTAGCTCAGCCCTTGGTACAATGCTACC,0.15,synthetic,anderson_augmented
TAGACAGCTAGCTCAGTCCTAGGGGCTATGCTCGC,0.16,synthetic,anderson_augmented
TTGACAGCTAGCTCAGACCTAGGCATTGTGCTAGC,0.72,synthetic,anderson_augmented
TTGAAGGCTAGCTCAGTCCTAGCTATTGTGCTAGC,0.56,synthetic,anderson_augmented
TTGACGACGAGCTCAGTCCTATGTACAGTGCTAGC,1.0,synthetic,anderson_augmented
TTTACAGCTAGGTCAGTCCTAGGTATTATTCTAGC,0.7,synthetic,anderson_augmented
TTGAAAGCCAGGTCAGTCCTAGGTACTGTGCTAGC,0.86,synthetic,anderson_augmented
CTAATAGCTAGCACAGTCCTAGGGATTATGCTAGC,0.01,synthetic,anderson_augmented
TTGACAGCTAGCTCAGTCCCAGGTATTGTGCTGGC,0.72,synthetic,anderson_augmented
TTAACGGCTAGCTCAGGCCTAGGTACTATGCTAGC,0.24,synthetic,anderson_augmented
TTTCCGGCTAGCTCAGTCCTAGCTATAGTGCTAGC,0.47,synthetic,anderson_augmented
TTTACGGTTAGCTCAGCCCTAGGCATTATGCTAGC,0.36,synthetic,anderson_augmented
CTGACAGCTAGCTCAGTCCTACGTCTAAAGCTAGC,0.51,synthetic,anderson_augmented
TTTACAGCTAGCTCAGTCCTAGGTACTGTGCTAAC,0.86,synthetic,anderson_augmented
TTTACTGCTAGTTCAGTCCTAGGTACAGTGCTAGC,1.0,synthetic,anderson_augmented
TTGACTGCTAGCTCAGTCCTAGGTATAGTGCTAGC,0.58,synthetic,anderson_augmented
CTGATAGCTAGCTCAGTCGGAGGGATTACGCTAGC,0.01,synthetic,anderson_augmented
CTGATGGCTAGCTCAGTCCTAGGGATTACGCTAGC,0.01,synthetic,anderson_augmented
TTGATGGCTAGCTCAGTCCTAGTTACAATGCTAGC,0.1,synthetic,anderson_augmented
TTTGGAGCTAGCTCAGCCCTTGGTACAATGCTAGC,0.15,synthetic,anderson_augmented
TTGACAGCTAGCTCAGTCCTAGGCACTATGCTGGC,0.16,synthetic,anderson_augmented
TAGACAGCTAGCTCAGTCCTAGGGATTGTGCTAGC,0.06,synthetic,anderson_augmented
TTAACGGCGAGCTCAGTCCTAGGTATTGAGCTAGC,0.56,synthetic,anderson_augmented
TTGACGGCTAGCTCAGTCCTAGGGTCAGTGCTAGC,1.0,synthetic,anderson_augmented
TTTACAGCTCGCTCAGTCCTAGGAATTACGCTAGC,0.7,synthetic,anderson_augmented
TTGACAGCCAGCTCAGTCCTAGGGACTGTGCTATC,0.86,synthetic,anderson_augmented
CTGATAGGTAGCTCAATCCTAGGGATTATGCTAGC,0.01,synthetic,anderson_augmented
TTGACAGCTAGCTCAGTCCTAGGTATTGTGCGAGC,0.72,synthetic,anderson_augmented
TTTACGGTTAGCTCAGGCCTAGGTACTATGCTAGC,0.24,synthetic,anderson_augmented
TTTACGGCTAGCTGAGTCTTAGGTATAGTGCTAGC,0.47,synthetic,anderson_augmented
TTTACGGATAGCTCAGCCCTAGGTATTATGCTAGC,0.36,synthetic,anderson_augmented
CTGACAGCTAGCTCAGTCCTAGGTATAAAGCTAGC,0.51,synthetic,anderson_augmented
TTTACCGCTAGCTCAGTCCTGGGGACTGGGCTAGC,0.04,synthetic,anderson_augmented
TTTACGGCTAGCTCAGTCCTAGGTACAATGCTAGT,0.33,synthetic,anderson_augmented
TTGACGGCTATGTCAGTCCTAGGTATAGTGCTAGC,0.58,synthetic,anderson_augmented
CTGATAGATAGCTCAGTCCTAGGGATTATGCTAGC,0.01,synthetic,anderson_augmented
CTGATGGCTAGCTCATTCCTAGGGATTATGCTAGC,0.01,synthetic,anderson_augmented
TTTATGGCTAGCTCAGTCCTAGGGACAATGCTAGC,0.1,synthetic,anderson_augmented
TTTATAGCAAGCTCAGCCCTTGGGACAATACTAGC,0.15,synthetic,anderson_augmented
TTGACAGCTAGCTCAGTCCTAGGGAGTATGTTAGC,0.16,synthetic,anderson_augmented
TTGATAGCGAGCTCAGTCCTAGGGATTGTGCTAGC,0.06,synthetic,anderson_augmented
TTGACGGCTAGCTCAGTCCTAGGTATTGCGCTAGC,0.56,synthetic,anderson_augmented
TTGACGGCGAGCTCAGTCCTAGCTACAGTGCTACC,1.0,synthetic,anderson_augmented
TTTACAGCCAGCTCAGTCCTAGGTATTATGCTAGC,0.7,synthetic,anderson_augmented
TTGTCAGTTAGCTCAGTCCTAGGTACTGTGCTAAC,0.86,synthetic,anderson_augmented
CTGATAGCTAGCTCAGTCCTGGGGATTATGCTAGC,0.01,synthetic,anderson_augmented
TTGACAGCTAGCTCAGTCCTAGCTATTGTGCTAGC,0.72,synthetic,anderson_augmented
TTTACAGCTAGCTCAGGCCTAGGTACTATGCTAGC,0.7,synthetic,anderson_augmented
TTTACGGCGAGCTCAGTGCAAGGTATAGTGCTAGC,0.47,synthetic,anderson_augmented
TTTACGGCTTCCTCAGCCCTAAGTATTATGCTAGC,0.36,synthetic,anderson_augmented
CTCACAGCTAGCTCAGTCCTAGGTATAATGCTAGC,0.51,synthetic,anderson_augmented
TTTACAGCTAGCTGAGGCCTAGGGACAGTGCTAGC,0.04,synthetic,anderson_augmented
TTTACGGCTAGCTCAGTCTTAGGTACAATGCTAGG,0.33,synthetic,anderson_augmented
TTGACGGCTAGCTCATTCCTAGGTACAGTGCTAGC,1.0,synthetic,anderson_augmented
CTGTTAGCTAGCTCAGTCCTAGGGATTATGCTAGC,0.01,synthetic,anderson_augmented
CTGATGGCTAGCTCAGTCCTAGGGATCATGATAGC,0.01,synthetic,anderson_augmented
TTTATGGCTGGCTCAGTCCTCGGTACAATGCTAGC,0.1,synthetic,anderson_augmented
TTTATAGCGAGCTCAGCCCTTGTTAGAATGCTAGC,0.15,synthetic,anderson_augmented
TTGACAGCTAGCTCAGTCCTTGGGACTATGCTAGC,0.16,synthetic,anderson_augmented
TTGACAGTTAGCTCAGTACTAGGGATTGTGCTAGC,0.06,synthetic,anderson_augmented
TTGACGACTAGCTCAGTCCTAGGTATTGTGCTAGC,0.56,synthetic,anderson_augmented
TTGACGGCTAGCTCAGTCCTAGGTTCTGTGCTAGC,1.0,synthetic,anderson_augmented
TTTACAGCTAGCCCAGTCCTTGGTATTATGCTAGC,0.7,synthetic,anderson_augmented
TTGACAGCTAGCTCAGTCCAAGGTACTGTTCAAGC,0.86,synthetic,anderson_augmented
CTGATAGCTAGCTCAGTCCTAGGGATTATACTTGC,0.01,synthetic,anderson_augmented
TTGGCAGCTAGCTCAGTCGTAGTTATTGTGCTAGC,0.72,synthetic,anderson_augmented
TTTACGGCTAGCTCAGTCATAGGTACTATGATAGT,0.24,synthetic,anderson_augmented
TTTACGGCTAGCTCAGGCCTAGGTATAGTGCTAGC,0.47,synthetic,anderson_augmented
TTTACGGCTAGCTCAGCCCTAGGCAATATGCTAGC,0.36,synthetic,anderson_augmented
CTGACAGCTAGCCCAGTCCTAGGTATAATGCTAGC,0.51,synthetic,anderson_augmented
TTTATAGCTAGCTCAGTCGTAGGGGCTGTGCTAGC,0.04,synthetic,anderson_augmented
TTTACGGACAGCTCAGTCCTAGGTACAATGCTAGC,0.33,synthetic,anderson_augmented
TTGACGGCTAGCTCAGTCCTAAGAATAGTGCTAGC,0.58,synthetic,anderson_augmented
CTAATAGCTAGCTCAGTCCTAGGGAATATGCTTGC,0.01,synthetic,anderson_augmented
CTGATGGCTAGCTCAGTCCTATGGATTATGATACC,0.01,synthetic,anderson_augmented
TTTATGGCCACCTCAGTCCTGGGTACAATGCTAGC,0.1,synthetic,anderson_augmented
TTTATAGCTAGCTCAGCCCTTCGTACAATGCTGGC,0.15,synthetic,anderson_augmented
TTGACAGCTAGCTCAGTCCAAGGGACTATGTTAGC,0.16,synthetic,anderson_augmented
TTGACAGGTAGCTCAGTCCTAGGGATCGTGCTAGC,0.06,synthetic,anderson_augmented
TGGACGGCTAGCTCAGGCCTAGGTATTGTGGTAGC,0.56,synthetic,anderson_augmented
TTGGCGGCTAGCTCAGTCCTAGGTACAGTGCTAGC,1.0,synthetic,anderson_augmented
TTTACAGCTACCTCAGTCCTAGGTATTATGCTACC,0.7,synthetic,anderson_augmented
TTGACAGCTGGCTCACTCCTAGGTTCTGTGCTAGC,0.86,synthetic,anderson_augmented
CTGATAGCTAGCACAGTCCTAGGGATTATGCTAGC,0.01,synthetic,anderson_augmented
TTGACAGCTAGCTCAGTCCTTGGTATCGTGCTAGC,0.72,synthetic,anderson_augmented
TTTACGGCTAGCTGAGTCCTAGGTACCATGCTGGC,0.24,synthetic,anderson_augmented
TTTTCGGCGAGCTCAGTCCTAGGTATAGTGCTATC,0.47,synthetic,anderson_augmented
TTTACGGCTAGCTCAGCCCTAGGTCTTATGTTAAC,0.36,synthetic,anderson_augmented
CTGACAGCTAGCTCAGTCCTACCTATAATGCTAGG,0.51,synthetic,anderson_augmented
TTTACAGCTAGCGCAGACCTAGGGACTGTGTTAGC,0.04,synthetic,anderson_augmented
TTTACGGCTAGCTCCGTCCGAGGTACAATGCTAGC,0.33,synthetic,anderson_augmented
TTGACGGCTAGCTCAGTCCTAGGTATAGTGCCAGC,0.58,synthetic,anderson_augmented
CTGATAGCTAGCTCAGTACTAGTGATTATGCTAGC,0.01,synthetic,anderson_augmented
CTGATGGCTAGCTCAGTCCTAGGGTCTATGCTAGT,0.01,synthetic,anderson_augmented
TTTATGGCTAGCTCAGTCGTAGGTACAATGCTAGC,0.1,synthetic,anderson_augmented
TTTATAGCTAGCTCAGCCCTTGTTACAATGCTAGC,0.15,synthetic,anderson_augmented
TTGACAGCTAGCTTAGACCTAGGGACTATGGTAGC,0.16,synthetic,anderson_augmented
TTGACACCGAGCTCAGTGCTAGGGATTGTGCTAGC,0.06,synthetic,anderson_augmented
TTGACGGCTAGCTCAATCCTAGGTATTGTGCTAGC,0.56,synthetic,anderson_augmented
TTGCCGGCTAGCTCCGTCCTAGGTACAGTGCTAAC,1.0,synthetic,anderson_augmented
TTTACACCAAGCTCAGTCCTAGGTATTATGATAGC,0.7,synthetic,anderson_augmented
TTGACAGCTAGCCCAGTCCTAGGTACTGTGTTAGC,0.86,synthetic,anderson_augmented
CTGGTGGCTAGCTCAGTCCTAGGGATTATGCTAGC,0.01,synthetic,anderson_augmented
TTGACAGCTAGCTCAGTCCTAGGTATTGTGCTAGG,0.72,synthetic,anderson_augmented
TTAACGGCTAGATCAGTCCTAGGTACCATGCTAGC,0.24,synthetic,anderson_augmented
TTTACGGCTAGATCAGTCATAGGTATAGTGCTAGC,0.47,synthetic,anderson_augmented
TTTACGTCTAGCTCAGCCCTATGTATTATGCTAGC,0.36,synthetic,anderson_augmented
CTGACAGCTAGCTCAGTCCTAGGTATAATGCCACA,0.51,synthetic,anderson_augmented
TTTACAGATAGCCCAGTCCTAGGGACTGTGCTAGC,0.04,synthetic,anderson_augmented
TTTACGGCTAGTTCAGGCCTAGGTACAATACTAGC,0.33,synthetic,anderson_augmented
TTGACGGCTAGGGCAGTCCTAGGTATAGTGCTAGC,0.58,synthetic,anderson_augmented
CTGATAGCTAGCTCAGTCCTAGGGATTCTGCTTGC,0.01,synthetic,anderson_augmented
CTGATGACTAGTTCAGTCCTAGGGATTATGCTAGC,0.01,synthetic,anderson_augmented
CTTATGGCTAGCTCATTCCTAGGTACAATGCTAGC,0.1,synthetic,anderson_augmented
TTTATAGCTAGCTCAGCCCTTGGTACAACGCTAGC,0.15,synthetic,anderson_augmented
GTGACAGCTAGCTCAGTCCCAGGGACTATGCTAGC,0.16,synthetic,anderson_augmented
TTGTCAGCTAGCTCACTCCTAGGGATTGTGCTAGC,0.06,synthetic,anderson_augmented
TTGACGGCTACCTCAGTCCCAGGTATTGTGCTAGC,0.56,synthetic,anderson_augmented
TTGACGGGTAGCTCAGTCACAGGTACAGTGCTAGC,1.0,synthetic,anderson_augmented
TTTACAGCCAGCTCAGTCCTAGGTATTATGCTAGC,0.7,synthetic,anderson_augmented
TTGACAGCTAGCTCAGTCCTAGGTACTGTCCTAGC,0.86,synthetic,anderson_augmented
CTGATAGCTAGCTCAGTCCTAGGCATGATGATAGC,0.01,synthetic,anderson_augmented
TTGACGGCTAGCTCAGTCCTAGGTATTGTGCTAGC,0.56,synthetic,anderson_augmented
TTTACGGCTAGCTCAGTCCTAGGGACTATGCTAAC,0.24,synthetic,anderson_augmented
TTTGCGGCTAGCTCAGTCCTAGGTATAGTGCTAGC,0.47,synthetic,anderson_augmented
TTTACGGCTGGCACAGCCCTAGGTATTATGCTAGT,0.36,synthetic,anderson_augmented
CTGACAGGTAGCTGAGTCCTAGGTATAATGCTAGC,0.51,synthetic,anderson_augmented
TTTACCGCTAGCTCAGTCCTAGGGACTGTGCTTGC,0.04,synthetic,anderson_augmented
TTTACGGCCAGCTCAGTCCTAGGTACAATGCTCGC,0.33,synthetic,anderson_augmented
TTGGCGGCTAGCTCAGTCCCAGGTATAGTACTAGC,0.58,synthetic,anderson_augmented
GTGATAGCTAGCTAAGTCCTAGGGATTATGCTAGC,0.01,synthetic,anderson_augmented
CTGATGGCTAGCTCAGTCCTAGGGATTCTGCTAGC,0.01,synthetic,anderson_augmented
TTTTAGGCTAGCTCAGTCCTAGGTACAATGCTAGT,0.33,synthetic,anderson_augmented
TTTATAGCTAGGTCAGCCCTTGGTACTATGCTAGC,0.15,synthetic,anderson_augmented
TTGACAGCTAGCTCAGTCCTAGGTCCCATGCTAGC,0.86,synthetic,anderson_augmented
TTGACAGCTAGCTCAGTCCTAGGGATTGTGCTAGA,0.06,synthetic,anderson_augmented
TTGACGGTTAGGTCAGTCCTAGCTATTGTGCTAGC,0.56,synthetic,anderson_augmented
TTGACGGCTAGCTCTGTCCTAGGTACAGTGCTAGC,1.0,synthetic,anderson_augmented
TTTACAGCTAGCTCAGTCCCAGGTATTATGCTAGC,0.7,synthetic,anderson_augmented
TTGACAGCTAGCTCAGTCCTAGGTCCTATGCTAGA,0.86,synthetic,anderson_augmented
CTGATAGCTTGCTCAGTGCTAGGGATTATGCTAGC,0.01,synthetic,anderson_augmented
TTCACAGCTAGCTCAGTCCTAGGTATTGTGCTAGC,0.72,synthetic,anderson_augmented
TATACGGCTAGCTCAATCCTAGGTACTATGCTAGC,0.24,synthetic,anderson_augmented
